DateTime,Sourceip,Destinationip,Sourceport,Destinationport,OS,Flags,Protocol,TTL,Length,Comments
13-02-2022 09:01:29,5.62.54.83,192.168.1.3,80,57078,O,A,TCP,48,40,[PORT]
13-02-2022 09:02:03,77.234.45.70,192.168.1.3,80,57081,O,PA,TCP,47,194,[PORT][FLAG]
13-02-2022 09:02:03,77.234.45.70,192.168.1.3,80,57081,O,A,TCP,47,1500,[PORT]
13-02-2022 09:02:03,77.234.45.70,192.168.1.3,80,57081,O,A,TCP,47,1500,[PORT]
13-02-2022 09:02:04,192.168.1.3,77.234.45.70,57081,80,W,A,TCP,128,40,[PORT]
13-02-2022 09:02:36,77.234.45.70,192.168.1.3,80,57081,O,PA,TCP,47,362,[PORT][FLAG]
13-02-2022 09:02:36,192.168.1.3,77.234.45.70,57081,80,W,A,TCP,128,40,[PORT]
13-02-2022 09:02:36,192.168.1.3,77.234.45.70,57081,80,W,PA,TCP,128,334,[PORT][FLAG]
13-02-2022 09:02:37,77.234.45.70,192.168.1.3,80,57081,O,A,TCP,47,40,[PORT]
13-02-2022 09:02:37,192.168.1.3,20.198.162.76,59099,443,W,PA,TCP,128,139,[PORT][FLAG]
13-02-2022 09:02:40,20.198.162.76,192.168.1.3,443,59099,O,PA,TCP,112,209,[PORT][FLAG]
13-02-2022 09:02:41,192.168.1.3,20.198.162.76,59099,443,W,A,TCP,128,40,[PORT]
13-02-2022 09:04:01,192.168.1.3,5.62.54.83,57078,80,W,A,TCP,128,41,[PORT]
13-02-2022 09:04:01,5.62.54.83,192.168.1.3,80,57078,O,A,TCP,48,40,[PORT]
13-02-2022 09:04:35,192.168.1.3,192.168.1.1,56088,53,W,N,UDP,128,59,[SAFE]
13-02-2022 09:04:35,192.168.1.1,192.168.1.3,53,56088,L,N,UDP,64,164,[SAFE]
13-02-2022 09:04:35,192.168.1.3,103.41.21.162,50098,80,W,S,TCP,128,52,[PORT]
13-02-2022 09:04:36,103.41.21.162,192.168.1.3,80,50098,O,SA,TCP,57,52,[PORT]
13-02-2022 09:04:40,192.168.1.3,103.41.21.162,50098,80,W,A,TCP,128,40,[PORT]
13-02-2022 09:04:41,192.168.1.3,103.41.21.162,50098,80,W,PA,TCP,128,122,[PORT][FLAG]
13-02-2022 09:04:41,103.41.21.162,192.168.1.3,80,50098,O,A,TCP,57,40,[PORT]
13-02-2022 09:04:41,103.41.21.162,192.168.1.3,80,50098,O,PA,TCP,57,191,[PORT][FLAG]
13-02-2022 09:04:42,192.168.1.3,103.41.21.162,50098,80,W,FA,TCP,128,40,[PORT][FLAG]
13-02-2022 09:04:42,103.41.21.162,192.168.1.3,80,50098,O,FA,TCP,57,40,[PORT][FLAG]
13-02-2022 09:04:42,192.168.1.3,103.41.21.162,50098,80,W,A,TCP,128,40,[PORT]
13-02-2022 09:05:01,77.234.45.70,192.168.1.3,80,57081,O,PA,TCP,47,194,[PORT][FLAG]
13-02-2022 09:05:02,77.234.45.70,192.168.1.3,80,57081,O,A,TCP,47,1500,[PORT]
13-02-2022 09:05:02,77.234.45.70,192.168.1.3,80,57081,O,A,TCP,47,1500,[PORT]
13-02-2022 09:05:03,192.168.1.3,77.234.45.70,57081,80,W,A,TCP,128,40,[PORT]
13-02-2022 09:05:03,77.234.45.70,192.168.1.3,80,57081,O,PA,TCP,47,431,[PORT][FLAG]
13-02-2022 09:05:33,192.168.1.3,77.234.45.70,57081,80,W,A,TCP,128,40,[PORT]
13-02-2022 09:05:33,192.168.1.3,77.234.45.70,57081,80,W,PA,TCP,128,334,[PORT][FLAG]
13-02-2022 09:05:33,77.234.45.70,192.168.1.3,80,57081,O,A,TCP,47,40,[PORT]
13-02-2022 09:05:34,192.168.1.3,192.168.1.1,51870,53,W,N,UDP,128,76,[SAFE]
13-02-2022 09:05:34,192.168.1.1,192.168.1.3,53,51870,L,N,UDP,64,194,[SAFE]
13-02-2022 09:05:34,192.168.1.3,20.189.173.15,50099,443,W,S,TCP,128,52,[PORT]
13-02-2022 09:05:34,20.189.173.15,192.168.1.3,443,50099,O,SA,TCP,106,52,[PORT]
13-02-2022 09:05:35,192.168.1.3,20.189.173.15,50099,443,W,A,TCP,128,40,[PORT]
13-02-2022 09:05:35,192.168.1.3,20.189.173.15,50099,443,W,PA,TCP,128,237,[PORT][FLAG]
13-02-2022 09:05:35,20.189.173.15,192.168.1.3,443,50099,O,A,TCP,106,1500,[PORT]
13-02-2022 09:05:36,20.189.173.15,192.168.1.3,443,50099,O,A,TCP,106,1500,[PORT]
13-02-2022 09:05:36,20.189.173.15,192.168.1.3,443,50099,O,A,TCP,106,1500,[PORT]
13-02-2022 09:05:37,20.189.173.15,192.168.1.3,443,50099,O,A,TCP,106,1500,[PORT]
13-02-2022 09:05:37,20.189.173.15,192.168.1.3,443,50099,O,PA,TCP,106,372,[PORT][FLAG]
13-02-2022 09:05:38,192.168.1.3,20.189.173.15,50099,443,W,A,TCP,128,40,[PORT]
13-02-2022 09:05:38,192.168.1.3,20.189.173.15,50099,443,W,PA,TCP,128,198,[PORT][FLAG]
13-02-2022 09:05:38,20.189.173.15,192.168.1.3,443,50099,O,PA,TCP,106,91,[PORT][FLAG]
13-02-2022 09:05:39,192.168.1.3,20.189.173.15,50099,443,W,A,TCP,128,40,[PORT]
13-02-2022 09:05:39,192.168.1.3,20.189.173.15,50099,443,W,A,TCP,128,1480,[PORT]
13-02-2022 09:05:39,192.168.1.3,20.189.173.15,50099,443,W,PA,TCP,128,1407,[PORT][FLAG]
13-02-2022 09:05:39,20.189.173.15,192.168.1.3,443,50099,O,A,TCP,106,40,[PORT]
13-02-2022 09:06:09,20.189.173.15,192.168.1.3,443,50099,O,PA,TCP,106,493,[PORT][FLAG]
13-02-2022 09:06:09,192.168.1.3,20.189.173.15,50099,443,W,A,TCP,128,40,[PORT]
13-02-2022 09:06:09,192.168.1.3,20.189.173.15,50099,443,W,PA,TCP,128,1138,[PORT][FLAG]
13-02-2022 09:06:10,20.189.173.15,192.168.1.3,443,50099,O,PA,TCP,106,493,[PORT][FLAG]
13-02-2022 09:06:10,192.168.1.3,20.189.173.15,50099,443,W,A,TCP,128,40,[PORT]
13-02-2022 09:06:10,192.168.1.3,20.189.173.15,50099,443,W,RA,TCP,128,40,[PORT]
13-02-2022 09:06:34,192.168.1.3,5.62.54.83,57078,80,W,A,TCP,128,41,[PORT]
13-02-2022 09:06:34,5.62.54.83,192.168.1.3,80,57078,O,A,TCP,48,40,[PORT]
13-02-2022 09:08:07,77.234.45.70,192.168.1.3,80,57081,O,PA,TCP,47,194,[PORT][FLAG]
13-02-2022 09:08:08,77.234.45.70,192.168.1.3,80,57081,O,A,TCP,47,1500,[PORT]
13-02-2022 09:08:08,77.234.45.70,192.168.1.3,80,57081,O,A,TCP,47,1500,[PORT]
13-02-2022 09:08:08,192.168.1.3,77.234.45.70,57081,80,W,A,TCP,128,40,[PORT]
13-02-2022 09:08:12,77.234.45.70,192.168.1.3,80,57081,O,PA,TCP,47,425,[PORT][FLAG]
13-02-2022 09:08:12,192.168.1.3,77.234.45.70,57081,80,W,PA,TCP,128,334,[PORT][FLAG]
13-02-2022 09:08:12,77.234.45.70,192.168.1.3,80,57081,O,A,TCP,47,40,[PORT]
13-02-2022 09:09:07,192.168.1.3,5.62.54.83,57078,80,W,A,TCP,128,41,[PORT]
13-02-2022 09:09:07,5.62.54.83,192.168.1.3,80,57078,O,A,TCP,48,40,[PORT]
13-02-2022 09:11:03,77.234.45.70,192.168.1.3,80,57081,O,PA,TCP,47,194,[PORT][FLAG]
13-02-2022 09:11:04,77.234.45.70,192.168.1.3,80,57081,O,A,TCP,47,1500,[PORT]
13-02-2022 09:11:04,192.168.1.3,77.234.45.70,57081,80,W,A,TCP,128,40,[PORT]
13-02-2022 09:11:08,77.234.45.70,192.168.1.3,80,57081,O,A,TCP,47,1500,[PORT]
13-02-2022 09:11:09,192.168.1.3,77.234.45.70,57081,80,W,A,TCP,128,40,[PORT]
13-02-2022 09:11:09,77.234.45.70,192.168.1.3,80,57081,O,PA,TCP,47,379,[PORT][FLAG]
13-02-2022 09:11:09,192.168.1.3,77.234.45.70,57081,80,W,PA,TCP,128,334,[PORT][FLAG]
13-02-2022 09:11:10,77.234.45.70,192.168.1.3,80,57081,O,A,TCP,47,40,[PORT]
13-02-2022 09:11:40,192.168.1.3,5.62.54.83,57078,80,W,A,TCP,128,41,[PORT]
13-02-2022 09:11:40,5.62.54.83,192.168.1.3,80,57078,O,A,TCP,48,40,[PORT]
13-02-2022 09:14:05,77.234.45.70,192.168.1.3,80,57081,O,PA,TCP,47,194,[PORT][FLAG]
13-02-2022 09:14:06,77.234.45.70,192.168.1.3,80,57081,O,A,TCP,47,1500,[PORT]
13-02-2022 09:14:06,77.234.45.70,192.168.1.3,80,57081,O,A,TCP,47,1500,[PORT]
13-02-2022 09:14:06,192.168.1.3,77.234.45.70,57081,80,W,A,TCP,128,40,[PORT]
13-02-2022 09:14:07,77.234.45.70,192.168.1.3,80,57081,O,PA,TCP,47,164,[PORT][FLAG]
13-02-2022 09:14:09,192.168.1.3,77.234.45.70,57081,80,W,PA,TCP,128,334,[PORT][FLAG]
13-02-2022 09:14:09,77.234.45.70,192.168.1.3,80,57081,O,A,TCP,47,40,[PORT]
13-02-2022 09:14:12,192.168.1.3,5.62.54.83,57078,80,W,A,TCP,128,41,[PORT]
13-02-2022 09:14:13,5.62.54.83,192.168.1.3,80,57078,O,A,TCP,48,40,[PORT]
13-02-2022 09:14:36,192.168.1.3,192.168.1.1,65068,53,W,N,UDP,128,59,[SAFE]
13-02-2022 09:14:36,192.168.1.3,192.168.1.1,65068,53,W,N,UDP,128,59,[SAFE]
13-02-2022 09:14:36,192.168.1.1,192.168.1.3,53,65068,L,N,UDP,64,164,[SAFE]
13-02-2022 09:14:36,192.168.1.1,192.168.1.3,53,65068,L,N,UDP,64,91,[SAFE]
13-02-2022 09:14:36,192.168.1.3,103.41.21.162,50100,80,W,S,TCP,128,52,[PORT]
13-02-2022 09:15:33,103.41.21.162,192.168.1.3,80,50100,O,SA,TCP,57,52,[PORT]
13-02-2022 09:15:33,192.168.1.3,103.41.21.162,50100,80,W,A,TCP,128,40,[PORT]
13-02-2022 09:15:33,192.168.1.3,103.41.21.162,50100,80,W,PA,TCP,128,122,[PORT][FLAG]
13-02-2022 09:15:34,103.41.21.162,192.168.1.3,80,50100,O,A,TCP,57,40,[PORT]
13-02-2022 09:15:34,103.41.21.162,192.168.1.3,80,50100,O,PA,TCP,57,191,[PORT][FLAG]
13-02-2022 09:15:34,192.168.1.3,103.41.21.162,50100,80,W,FA,TCP,128,40,[PORT][FLAG]
13-02-2022 09:15:35,103.41.21.162,192.168.1.3,80,50100,O,FA,TCP,57,40,[PORT][FLAG]
13-02-2022 09:15:35,192.168.1.3,103.41.21.162,50100,80,W,A,TCP,128,40,[PORT]
13-02-2022 09:15:35,192.168.1.3,192.168.1.1,53880,53,W,N,UDP,128,76,[SAFE]
13-02-2022 09:15:36,192.168.1.1,192.168.1.3,53,53880,L,N,UDP,64,195,[SAFE]
13-02-2022 09:15:36,192.168.1.3,51.104.15.253,50101,443,W,S,TCP,128,52,[PORT]
13-02-2022 09:15:36,51.104.15.253,192.168.1.3,443,50101,O,SA,TCP,106,52,[PORT]
13-02-2022 09:15:36,192.168.1.3,51.104.15.253,50101,443,W,A,TCP,128,40,[PORT]
13-02-2022 09:15:37,192.168.1.3,51.104.15.253,50101,443,W,PA,TCP,128,237,[PORT][FLAG]
13-02-2022 09:15:37,51.104.15.253,192.168.1.3,443,50101,O,A,TCP,106,1500,[PORT]
13-02-2022 09:15:37,51.104.15.253,192.168.1.3,443,50101,O,A,TCP,106,1500,[PORT]
13-02-2022 09:15:38,51.104.15.253,192.168.1.3,443,50101,O,A,TCP,106,1500,[PORT]
13-02-2022 09:15:38,51.104.15.253,192.168.1.3,443,50101,O,A,TCP,106,1500,[PORT]
13-02-2022 09:15:39,51.104.15.253,192.168.1.3,443,50101,O,PA,TCP,106,494,[PORT][FLAG]
13-02-2022 09:15:39,192.168.1.3,51.104.15.253,50101,443,W,A,TCP,128,40,[PORT]
13-02-2022 09:15:39,192.168.1.3,51.104.15.253,50101,443,W,PA,TCP,128,198,[PORT][FLAG]
13-02-2022 09:15:39,51.104.15.253,192.168.1.3,443,50101,O,PA,TCP,106,91,[PORT][FLAG]
13-02-2022 09:15:40,192.168.1.3,51.104.15.253,50101,443,W,A,TCP,128,40,[PORT]
13-02-2022 09:15:40,192.168.1.3,51.104.15.253,50101,443,W,A,TCP,128,1480,[PORT]
13-02-2022 09:15:40,192.168.1.3,51.104.15.253,50101,443,W,PA,TCP,128,1420,[PORT][FLAG]
13-02-2022 09:15:41,51.104.15.253,192.168.1.3,443,50101,O,PA,TCP,106,94,[PORT][FLAG]
13-02-2022 09:15:41,192.168.1.3,51.104.15.253,50101,443,W,A,TCP,128,40,[PORT]
13-02-2022 09:15:42,51.104.15.253,192.168.1.3,443,50101,O,PA,TCP,106,493,[PORT][FLAG]
13-02-2022 09:15:42,192.168.1.3,51.104.15.253,50101,443,W,A,TCP,128,40,[PORT]
13-02-2022 09:15:42,192.168.1.3,51.104.15.253,50101,443,W,PA,TCP,128,1081,[PORT][FLAG]
13-02-2022 09:16:45,51.104.15.253,192.168.1.3,443,50101,O,PA,TCP,106,493,[PORT][FLAG]
13-02-2022 09:16:45,192.168.1.3,51.104.15.253,50101,443,W,A,TCP,128,40,[PORT]
13-02-2022 09:16:46,192.168.1.3,51.104.15.253,50101,443,W,RA,TCP,128,40,[PORT]
13-02-2022 09:16:46,192.168.1.3,5.62.54.83,57078,80,W,A,TCP,128,41,[PORT]
13-02-2022 09:16:57,5.62.54.83,192.168.1.3,80,57078,O,A,TCP,48,40,[PORT]
13-02-2022 09:16:57,77.234.45.70,192.168.1.3,80,57081,O,PA,TCP,47,194,[PORT][FLAG]
13-02-2022 09:16:58,77.234.45.70,192.168.1.3,80,57081,O,A,TCP,47,1500,[PORT]
13-02-2022 09:16:58,192.168.1.3,77.234.45.70,57081,80,W,A,TCP,128,40,[PORT]
13-02-2022 09:16:58,77.234.45.70,192.168.1.3,80,57081,O,PA,TCP,47,472,[PORT][FLAG]
13-02-2022 09:16:59,192.168.1.3,77.234.45.70,57081,80,W,PA,TCP,128,334,[PORT][FLAG]
13-02-2022 09:16:59,77.234.45.70,192.168.1.3,80,57081,O,A,TCP,47,40,[PORT]
13-02-2022 09:19:18,192.168.1.3,5.62.54.83,57078,80,W,A,TCP,128,41,[PORT]
13-02-2022 09:19:18,5.62.54.83,192.168.1.3,80,57078,O,A,TCP,48,40,[PORT]
13-02-2022 09:19:56,77.234.45.70,192.168.1.3,80,57081,O,PA,TCP,47,194,[PORT][FLAG]
13-02-2022 09:19:57,192.168.1.3,77.234.45.70,57081,80,W,A,TCP,128,40,[PORT]
13-02-2022 09:19:57,77.234.45.70,192.168.1.3,80,57081,O,PA,TCP,47,1414,[PORT][FLAG]
13-02-2022 09:19:57,192.168.1.3,77.234.45.70,57081,80,W,PA,TCP,128,334,[PORT][FLAG]
13-02-2022 09:20:01,77.234.45.70,192.168.1.3,80,57081,O,A,TCP,47,40,[PORT]
13-02-2022 09:21:36,192.168.1.3,20.198.162.76,59099,443,W,PA,TCP,128,139,[PORT][FLAG]
13-02-2022 09:21:36,20.198.162.76,192.168.1.3,443,59099,O,PA,TCP,112,209,[PORT][FLAG]
13-02-2022 09:21:40,192.168.1.3,20.198.162.76,59099,443,W,A,TCP,128,40,[PORT]
13-02-2022 09:00:42,192.168.1.3,192.168.1.1,51694,53,W,N,UDP,128,75,[SAFE]
13-02-2022 09:00:42,192.168.1.1,192.168.1.3,53,51694,L,N,UDP,64,202,[SAFE]
13-02-2022 09:00:42,192.168.1.3,20.42.65.84,57117,443,W,S,TCP,128,52,[PORT]
13-02-2022 09:00:43,20.42.65.84,192.168.1.3,443,57117,O,SA,TCP,105,52,[PORT]
13-02-2022 09:00:43,192.168.1.3,20.42.65.84,57117,443,W,A,TCP,128,40,[PORT]
13-02-2022 09:00:43,192.168.1.3,20.42.65.84,57117,443,W,PA,TCP,128,254,[PORT][FLAG]
13-02-2022 09:00:44,20.42.65.84,192.168.1.3,443,57117,O,A,TCP,105,1500,[PORT]
13-02-2022 09:00:44,20.42.65.84,192.168.1.3,443,57117,O,A,TCP,105,1500,[PORT]
13-02-2022 09:00:44,20.42.65.84,192.168.1.3,443,57117,O,A,TCP,105,1500,[PORT]
13-02-2022 09:00:45,20.42.65.84,192.168.1.3,443,57117,O,PA,TCP,105,62,[PORT][FLAG]
13-02-2022 09:00:45,192.168.1.3,20.42.65.84,57117,443,W,A,TCP,128,40,[PORT]
13-02-2022 09:00:46,192.168.1.3,20.42.65.84,57117,443,W,PA,TCP,128,198,[PORT][FLAG]
13-02-2022 09:00:46,20.42.65.84,192.168.1.3,443,57117,O,PA,TCP,105,91,[PORT][FLAG]
13-02-2022 09:00:47,192.168.1.3,20.42.65.84,57117,443,W,PA,TCP,128,1010,[PORT][FLAG]
13-02-2022 09:00:47,192.168.1.3,20.42.65.84,57117,443,W,PA,TCP,128,1349,[PORT][FLAG]
13-02-2022 09:00:48,20.42.65.84,192.168.1.3,443,57117,O,A,TCP,105,40,[PORT]
13-02-2022 09:00:48,20.42.65.84,192.168.1.3,443,57117,O,PA,TCP,105,449,[PORT][FLAG]
13-02-2022 09:00:48,192.168.1.3,20.42.65.84,57117,443,W,FA,TCP,128,40,[PORT][FLAG]
13-02-2022 09:00:49,20.42.65.84,192.168.1.3,443,57117,O,FA,TCP,105,40,[PORT][FLAG]
13-02-2022 09:00:49,192.168.1.3,20.42.65.84,57117,443,W,A,TCP,128,40,[PORT]
13-02-2022 09:01:10,192.168.1.3,5.62.54.83,57078,80,W,A,TCP,128,41,[PORT]
13-02-2022 09:01:10,5.62.54.83,192.168.1.3,80,57078,O,A,TCP,48,40,[PORT]
13-02-2022 09:01:35,204.79.197.222,192.168.1.3,443,57111,O,RA,TCP,117,40,[PORT]
13-02-2022 09:01:35,20.188.40.49,192.168.1.3,443,57108,O,RA,TCP,107,40,[PORT]
13-02-2022 09:01:35,204.79.197.254,192.168.1.3,443,57110,O,RA,TCP,117,40,[PORT]
13-02-2022 09:01:37,204.79.197.200,192.168.1.3,443,57112,O,RA,TCP,117,40,[PORT]
13-02-2022 09:01:37,13.107.6.254,192.168.1.3,443,57109,O,RA,TCP,112,40,[PORT]
13-02-2022 09:01:54,77.234.45.70,192.168.1.3,80,57081,O,PA,TCP,47,194,[PORT][FLAG]
13-02-2022 09:01:54,192.168.1.3,77.234.45.70,57081,80,W,A,TCP,128,40,[PORT]
13-02-2022 09:01:55,77.234.45.70,192.168.1.3,80,57081,O,PA,TCP,47,832,[PORT][FLAG]
13-02-2022 09:01:55,192.168.1.3,77.234.45.70,57081,80,W,PA,TCP,128,334,[PORT][FLAG]
13-02-2022 09:01:55,77.234.45.70,192.168.1.3,80,57081,O,A,TCP,47,40,[PORT]
13-02-2022 09:03:42,192.168.1.3,5.62.54.83,57078,80,W,A,TCP,128,41,[PORT]
13-02-2022 09:03:43,5.62.54.83,192.168.1.3,80,57078,O,A,TCP,48,40,[PORT]
13-02-2022 10:04:37,192.168.1.3,192.168.1.1,54309,53,W,N,UDP,128,59,[SAFE]
13-02-2022 10:04:37,192.168.1.3,192.168.1.1,54309,53,W,N,UDP,128,59,[SAFE]
13-02-2022 10:04:37,192.168.1.1,192.168.1.3,53,54309,L,N,UDP,64,164,[SAFE]
13-02-2022 10:04:37,192.168.1.1,192.168.1.3,53,54309,L,N,UDP,64,91,[SAFE]
13-02-2022 10:04:37,192.168.1.3,103.41.21.169,57118,80,W,S,TCP,128,52,[PORT]
13-02-2022 10:04:42,103.41.21.169,192.168.1.3,80,57118,O,SA,TCP,57,52,[PORT]
13-02-2022 10:04:42,192.168.1.3,103.41.21.169,57118,80,W,A,TCP,128,40,[PORT]
13-02-2022 10:04:42,192.168.1.3,103.41.21.169,57118,80,W,PA,TCP,128,122,[PORT][FLAG]
13-02-2022 10:04:43,103.41.21.169,192.168.1.3,80,57118,O,A,TCP,57,40,[PORT]
13-02-2022 10:04:43,103.41.21.169,192.168.1.3,80,57118,O,PA,TCP,57,191,[PORT][FLAG]
13-02-2022 10:04:43,192.168.1.3,103.41.21.169,57118,80,W,FA,TCP,128,40,[PORT][FLAG]
13-02-2022 10:04:44,103.41.21.169,192.168.1.3,80,57118,O,FA,TCP,57,40,[PORT][FLAG]
13-02-2022 10:04:44,192.168.1.3,103.41.21.169,57118,80,W,A,TCP,128,40,[PORT]
13-02-2022 10:04:54,77.234.45.70,192.168.1.3,80,57081,O,PA,TCP,47,194,[PORT][FLAG]
13-02-2022 10:04:55,77.234.45.70,192.168.1.3,80,57081,O,A,TCP,47,1500,[PORT]
13-02-2022 10:04:55,192.168.1.3,77.234.45.70,57081,80,W,A,TCP,128,40,[PORT]
13-02-2022 10:04:55,77.234.45.70,192.168.1.3,80,57081,O,PA,TCP,47,165,[PORT][FLAG]
13-02-2022 10:05:33,192.168.1.3,77.234.45.70,57081,80,W,PA,TCP,128,334,[PORT][FLAG]
13-02-2022 10:05:33,77.234.45.70,192.168.1.3,80,57081,O,A,TCP,47,40,[PORT]
13-02-2022 10:05:34,192.168.1.3,192.168.1.1,63982,53,W,N,UDP,128,76,[SAFE]
13-02-2022 10:05:34,192.168.1.1,192.168.1.3,53,63982,L,N,UDP,64,194,[SAFE]
13-02-2022 10:05:34,192.168.1.3,20.189.173.3,57119,443,W,S,TCP,128,52,[PORT]
13-02-2022 10:05:34,20.189.173.3,192.168.1.3,443,57119,O,SA,TCP,106,52,[PORT]
13-02-2022 10:05:34,192.168.1.3,20.189.173.3,57119,443,W,A,TCP,128,40,[PORT]
13-02-2022 10:05:35,192.168.1.3,20.189.173.3,57119,443,W,PA,TCP,128,237,[PORT][FLAG]
13-02-2022 10:05:35,20.189.173.3,192.168.1.3,443,57119,O,A,TCP,106,1500,[PORT]
13-02-2022 10:05:35,192.168.1.3,20.189.173.3,57119,443,W,A,TCP,128,40,[PORT]
13-02-2022 10:05:36,20.189.173.3,192.168.1.3,443,57119,O,A,TCP,106,1500,[PORT]
13-02-2022 10:05:36,20.189.173.3,192.168.1.3,443,57119,O,A,TCP,106,1500,[PORT]
13-02-2022 10:05:36,20.189.173.3,192.168.1.3,443,57119,O,A,TCP,106,1500,[PORT]
13-02-2022 10:05:37,20.189.173.3,192.168.1.3,443,57119,O,PA,TCP,106,408,[PORT][FLAG]
13-02-2022 10:05:37,192.168.1.3,20.189.173.3,57119,443,W,A,TCP,128,40,[PORT]
13-02-2022 10:05:37,192.168.1.3,20.189.173.3,57119,443,W,PA,TCP,128,198,[PORT][FLAG]
13-02-2022 10:05:38,20.189.173.3,192.168.1.3,443,57119,O,PA,TCP,106,91,[PORT][FLAG]
13-02-2022 10:05:38,192.168.1.3,20.189.173.3,57119,443,W,A,TCP,128,40,[PORT]
13-02-2022 10:05:38,192.168.1.3,20.189.173.3,57119,443,W,A,TCP,128,1480,[PORT]
13-02-2022 10:05:39,192.168.1.3,20.189.173.3,57119,443,W,PA,TCP,128,1412,[PORT][FLAG]
13-02-2022 10:05:39,20.189.173.3,192.168.1.3,443,57119,O,A,TCP,106,40,[PORT]
13-02-2022 10:05:40,20.189.173.3,192.168.1.3,443,57119,O,PA,TCP,106,449,[PORT][FLAG]
13-02-2022 10:05:40,192.168.1.3,20.189.173.3,57119,443,W,A,TCP,128,40,[PORT]
13-02-2022 10:05:40,192.168.1.3,20.189.173.3,57119,443,W,PA,TCP,128,1136,[PORT][FLAG]
13-02-2022 10:05:40,20.189.173.3,192.168.1.3,443,57119,O,PA,TCP,106,524,[PORT][FLAG]
13-02-2022 10:05:41,192.168.1.3,20.189.173.3,57119,443,W,A,TCP,128,40,[PORT]
13-02-2022 10:05:43,192.168.1.3,20.189.173.3,57119,443,W,RA,TCP,128,40,[PORT]
13-02-2022 10:05:43,192.168.1.3,192.168.1.1,64900,53,W,N,UDP,128,75,[SAFE]
13-02-2022 10:05:43,192.168.1.1,192.168.1.3,53,64900,L,N,UDP,64,202,[SAFE]
13-02-2022 10:05:43,192.168.1.3,20.42.73.24,57120,443,W,S,TCP,128,52,[PORT]
13-02-2022 10:05:44,20.42.73.24,192.168.1.3,443,57120,O,SA,TCP,105,52,[PORT]
13-02-2022 10:05:44,192.168.1.3,20.42.73.24,57120,443,W,A,TCP,128,40,[PORT]
13-02-2022 10:05:44,192.168.1.3,20.42.73.24,57120,443,W,PA,TCP,128,254,[PORT][FLAG]
13-02-2022 10:05:45,20.42.73.24,192.168.1.3,443,57120,O,A,TCP,105,1500,[PORT]
13-02-2022 10:05:45,20.42.73.24,192.168.1.3,443,57120,O,A,TCP,105,1500,[PORT]
13-02-2022 10:05:45,20.42.73.24,192.168.1.3,443,57120,O,A,TCP,105,1500,[PORT]
13-02-2022 10:05:46,20.42.73.24,192.168.1.3,443,57120,O,PA,TCP,105,62,[PORT][FLAG]
13-02-2022 10:05:46,192.168.1.3,20.42.73.24,57120,443,W,A,TCP,128,40,[PORT]
13-02-2022 10:05:47,192.168.1.3,20.42.73.24,57120,443,W,PA,TCP,128,198,[PORT][FLAG]
13-02-2022 10:05:47,20.42.73.24,192.168.1.3,443,57120,O,PA,TCP,105,91,[PORT][FLAG]
13-02-2022 10:05:51,192.168.1.3,20.42.73.24,57120,443,W,PA,TCP,128,1010,[PORT][FLAG]
13-02-2022 10:05:51,192.168.1.3,20.42.73.24,57120,443,W,PA,TCP,128,1351,[PORT][FLAG]
13-02-2022 10:05:51,20.42.73.24,192.168.1.3,443,57120,O,A,TCP,105,40,[PORT]
13-02-2022 10:05:52,20.42.73.24,192.168.1.3,443,57120,O,PA,TCP,105,449,[PORT][FLAG]
13-02-2022 10:05:52,192.168.1.3,20.42.73.24,57120,443,W,A,TCP,128,40,[PORT]
13-02-2022 10:05:52,192.168.1.3,20.42.73.24,57120,443,W,FA,TCP,128,40,[PORT][FLAG]
13-02-2022 10:05:53,20.42.73.24,192.168.1.3,443,57120,O,FA,TCP,105,40,[PORT][FLAG]
13-02-2022 10:05:53,192.168.1.3,20.42.73.24,57120,443,W,A,TCP,128,40,[PORT]
13-02-2022 10:06:15,192.168.1.3,5.62.54.83,57078,80,W,A,TCP,128,41,[PORT]
13-02-2022 10:06:16,5.62.54.83,192.168.1.3,80,57078,O,A,TCP,48,40,[PORT]
13-02-2022 10:07:57,77.234.45.70,192.168.1.3,80,57081,O,PA,TCP,47,194,[PORT][FLAG]
13-02-2022 10:07:57,192.168.1.3,77.234.45.70,57081,80,W,A,TCP,128,40,[PORT]
13-02-2022 10:07:57,77.234.45.70,192.168.1.3,80,57081,O,PA,TCP,47,890,[PORT][FLAG]
13-02-2022 10:07:57,192.168.1.3,77.234.45.70,57081,80,W,PA,TCP,128,334,[PORT][FLAG]
13-02-2022 10:07:58,77.234.45.70,192.168.1.3,80,57081,O,A,TCP,47,40,[PORT]
13-02-2022 10:08:48,192.168.1.3,5.62.54.83,57078,80,W,A,TCP,128,41,[PORT]
13-02-2022 10:08:48,5.62.54.83,192.168.1.3,80,57078,O,A,TCP,48,40,[PORT]
13-02-2022 10:09:36,192.168.1.3,192.168.1.1,57429,53,W,N,UDP,128,77,[SAFE]
13-02-2022 10:09:36,192.168.1.1,192.168.1.3,53,57429,L,N,UDP,64,212,[SAFE]
13-02-2022 10:09:36,192.168.1.3,20.44.239.154,57121,443,W,S,TCP,128,52,[PORT]
13-02-2022 10:09:37,20.44.239.154,192.168.1.3,443,57121,O,SA,TCP,112,52,[PORT]
13-02-2022 10:09:37,192.168.1.3,20.44.239.154,57121,443,W,A,TCP,128,40,[PORT]
13-02-2022 10:09:37,192.168.1.3,20.44.239.154,57121,443,W,PA,TCP,128,256,[PORT][FLAG]
13-02-2022 10:09:38,20.44.239.154,192.168.1.3,443,57121,O,A,TCP,112,1500,[PORT]
13-02-2022 10:09:38,20.44.239.154,192.168.1.3,443,57121,O,A,TCP,112,1500,[PORT]
13-02-2022 10:09:38,20.44.239.154,192.168.1.3,443,57121,O,PA,TCP,112,813,[PORT][FLAG]
13-02-2022 10:09:39,192.168.1.3,20.44.239.154,57121,443,W,A,TCP,128,40,[PORT]
13-02-2022 10:09:39,192.168.1.3,20.44.239.154,57121,443,W,PA,TCP,128,133,[PORT][FLAG]
13-02-2022 10:09:40,20.44.239.154,192.168.1.3,443,57121,O,PA,TCP,112,91,[PORT][FLAG]
13-02-2022 10:09:40,20.44.239.154,192.168.1.3,443,57121,O,PA,TCP,112,109,[PORT][FLAG]
13-02-2022 10:09:40,192.168.1.3,20.44.239.154,57121,443,W,A,TCP,128,40,[PORT]
13-02-2022 10:09:41,192.168.1.3,20.44.239.154,57121,443,W,PA,TCP,128,1312,[PORT][FLAG]
13-02-2022 10:09:41,192.168.1.3,20.44.239.154,57121,443,W,PA,TCP,128,78,[PORT][FLAG]
13-02-2022 10:09:41,20.44.239.154,192.168.1.3,443,57121,O,A,TCP,112,52,[PORT]
13-02-2022 10:09:42,20.44.239.154,192.168.1.3,443,57121,O,A,TCP,112,40,[PORT]
13-02-2022 10:09:42,20.44.239.154,192.168.1.3,443,57121,O,PA,TCP,112,78,[PORT][FLAG]
13-02-2022 10:09:43,20.44.239.154,192.168.1.3,443,57121,O,PA,TCP,112,228,[PORT][FLAG]
13-02-2022 10:09:43,192.168.1.3,20.44.239.154,57121,443,W,A,TCP,128,40,[PORT]
13-02-2022 10:09:43,192.168.1.3,20.44.239.154,57121,443,W,PA,TCP,128,1113,[PORT][FLAG]
13-02-2022 10:09:44,20.44.239.154,192.168.1.3,443,57121,O,PA,TCP,112,425,[PORT][FLAG]
13-02-2022 10:09:44,192.168.1.3,20.44.239.154,57121,443,W,PA,TCP,128,813,[PORT][FLAG]
13-02-2022 10:09:44,20.44.239.154,192.168.1.3,443,57121,O,PA,TCP,112,116,[PORT][FLAG]
13-02-2022 10:10:31,192.168.1.3,20.44.239.154,57121,443,W,FA,TCP,128,40,[PORT][FLAG]
13-02-2022 10:10:31,20.44.239.154,192.168.1.3,443,57121,O,FA,TCP,112,40,[PORT][FLAG]
13-02-2022 10:10:31,192.168.1.3,20.44.239.154,57121,443,W,A,TCP,128,40,[PORT]
13-02-2022 10:10:32,20.44.239.154,192.168.1.3,443,57121,O,PA,TCP,112,82,[PORT][FLAG]
13-02-2022 10:10:32,192.168.1.3,20.44.239.154,57121,443,W,RA,TCP,128,40,[PORT]
13-02-2022 10:10:59,77.234.45.70,192.168.1.3,80,57081,O,PA,TCP,47,194,[PORT][FLAG]
13-02-2022 10:10:59,192.168.1.3,77.234.45.70,57081,80,W,A,TCP,128,40,[PORT]
13-02-2022 10:10:59,77.234.45.70,192.168.1.3,80,57081,O,PA,TCP,47,1000,[PORT][FLAG]
13-02-2022 10:11:00,192.168.1.3,77.234.45.70,57081,80,W,PA,TCP,128,334,[PORT][FLAG]
13-02-2022 10:11:00,77.234.45.70,192.168.1.3,80,57081,O,A,TCP,47,40,[PORT]
13-02-2022 10:11:21,192.168.1.3,5.62.54.83,57078,80,W,A,TCP,128,41,[PORT]
13-02-2022 10:11:21,5.62.54.83,192.168.1.3,80,57078,O,A,TCP,48,40,[PORT]
13-02-2022 10:13:54,192.168.1.3,5.62.54.83,57078,80,W,A,TCP,128,41,[PORT]
13-02-2022 10:13:54,5.62.54.83,192.168.1.3,80,57078,O,A,TCP,48,40,[PORT]
13-02-2022 10:13:54,77.234.45.70,192.168.1.3,80,57081,O,PA,TCP,47,194,[PORT][FLAG]
13-02-2022 10:13:55,192.168.1.3,77.234.45.70,57081,80,W,A,TCP,128,40,[PORT]
13-02-2022 10:13:55,77.234.45.70,192.168.1.3,80,57081,O,PA,TCP,47,779,[PORT][FLAG]
13-02-2022 10:13:55,192.168.1.3,77.234.45.70,57081,80,W,PA,TCP,128,334,[PORT][FLAG]
13-02-2022 10:13:56,77.234.45.70,192.168.1.3,80,57081,O,A,TCP,47,40,[PORT]
13-02-2022 10:14:26,192.168.1.3,192.168.1.1,59901,53,W,N,UDP,128,75,[SAFE]
13-02-2022 10:14:26,192.168.1.1,192.168.1.3,53,59901,L,N,UDP,64,207,[SAFE]
13-02-2022 10:14:26,192.168.1.3,20.50.80.210,57122,443,W,S,TCP,128,52,[PORT]
13-02-2022 10:14:26,20.50.80.210,192.168.1.3,443,57122,O,SA,TCP,106,52,[PORT]
13-02-2022 10:14:26,192.168.1.3,20.50.80.210,57122,443,W,A,TCP,128,40,[PORT]
13-02-2022 10:14:27,192.168.1.3,20.50.80.210,57122,443,W,PA,TCP,128,254,[PORT][FLAG]
13-02-2022 10:14:27,20.50.80.210,192.168.1.3,443,57122,O,A,TCP,106,1500,[PORT]
13-02-2022 10:14:27,20.50.80.210,192.168.1.3,443,57122,O,A,TCP,106,1500,[PORT]
13-02-2022 10:14:28,20.50.80.210,192.168.1.3,443,57122,O,A,TCP,106,1500,[PORT]
13-02-2022 10:14:28,20.50.80.210,192.168.1.3,443,57122,O,PA,TCP,106,62,[PORT][FLAG]
13-02-2022 10:14:28,192.168.1.3,20.50.80.210,57122,443,W,A,TCP,128,40,[PORT]
13-02-2022 10:14:29,192.168.1.3,20.50.80.210,57122,443,W,PA,TCP,128,198,[PORT][FLAG]
13-02-2022 10:14:29,20.50.80.210,192.168.1.3,443,57122,O,PA,TCP,106,91,[PORT][FLAG]
13-02-2022 10:14:31,192.168.1.3,20.50.80.210,57122,443,W,A,TCP,128,1480,[PORT]
13-02-2022 10:14:31,192.168.1.3,20.50.80.210,57122,443,W,A,TCP,128,1480,[PORT]
13-02-2022 10:14:32,192.168.1.3,20.50.80.210,57122,443,W,A,TCP,128,1480,[PORT]
13-02-2022 10:14:32,192.168.1.3,20.50.80.210,57122,443,W,PA,TCP,128,499,[PORT][FLAG]
13-02-2022 10:14:32,20.50.80.210,192.168.1.3,443,57122,O,A,TCP,106,52,[PORT]
13-02-2022 10:14:33,20.50.80.210,192.168.1.3,443,57122,O,A,TCP,106,40,[PORT]
13-02-2022 10:14:33,20.50.80.210,192.168.1.3,443,57122,O,PA,TCP,106,449,[PORT][FLAG]
13-02-2022 10:14:33,192.168.1.3,20.50.80.210,57122,443,W,FA,TCP,128,40,[PORT][FLAG]
13-02-2022 10:14:33,20.50.80.210,192.168.1.3,443,57122,O,FA,TCP,106,40,[PORT][FLAG]
13-02-2022 10:14:34,192.168.1.3,20.50.80.210,57122,443,W,A,TCP,128,40,[PORT]
13-02-2022 10:14:37,192.168.1.3,192.168.1.1,64770,53,W,N,UDP,128,59,[SAFE]
13-02-2022 10:14:37,192.168.1.1,192.168.1.3,53,64770,L,N,UDP,64,164,[SAFE]
13-02-2022 10:14:37,192.168.1.3,103.41.21.162,57123,80,W,S,TCP,128,52,[PORT]
13-02-2022 10:14:37,103.41.21.162,192.168.1.3,80,57123,O,SA,TCP,57,52,[PORT]
13-02-2022 10:15:33,192.168.1.3,103.41.21.162,57123,80,W,A,TCP,128,40,[PORT]
13-02-2022 10:15:33,192.168.1.3,103.41.21.162,57123,80,W,PA,TCP,128,122,[PORT][FLAG]
13-02-2022 10:15:34,103.41.21.162,192.168.1.3,80,57123,O,A,TCP,57,40,[PORT]
13-02-2022 10:15:34,103.41.21.162,192.168.1.3,80,57123,O,PA,TCP,57,191,[PORT][FLAG]
13-02-2022 10:15:34,192.168.1.3,103.41.21.162,57123,80,W,FA,TCP,128,40,[PORT][FLAG]
13-02-2022 10:15:35,103.41.21.162,192.168.1.3,80,57123,O,FA,TCP,57,40,[PORT][FLAG]
13-02-2022 10:15:35,192.168.1.3,103.41.21.162,57123,80,W,A,TCP,128,40,[PORT]
13-02-2022 10:15:35,192.168.1.3,192.168.1.1,61526,53,W,N,UDP,128,76,[SAFE]
13-02-2022 10:15:36,192.168.1.1,192.168.1.3,53,61526,L,N,UDP,64,197,[SAFE]
13-02-2022 10:15:36,192.168.1.3,13.89.178.27,57124,443,W,S,TCP,128,52,[PORT]
13-02-2022 10:15:36,13.89.178.27,192.168.1.3,443,57124,O,SA,TCP,104,52,[PORT]
13-02-2022 10:15:37,192.168.1.3,13.89.178.27,57124,443,W,A,TCP,128,40,[PORT]
13-02-2022 10:15:37,192.168.1.3,13.89.178.27,57124,443,W,PA,TCP,128,237,[PORT][FLAG]
13-02-2022 10:15:37,13.89.178.27,192.168.1.3,443,57124,O,A,TCP,104,1500,[PORT]
13-02-2022 10:15:38,192.168.1.3,13.89.178.27,57124,443,W,A,TCP,128,40,[PORT]
13-02-2022 10:15:38,13.89.178.27,192.168.1.3,443,57124,O,A,TCP,104,1500,[PORT]
13-02-2022 10:15:39,13.89.178.27,192.168.1.3,443,57124,O,A,TCP,104,1500,[PORT]
13-02-2022 10:15:39,13.89.178.27,192.168.1.3,443,57124,O,A,TCP,104,1500,[PORT]
13-02-2022 10:15:40,13.89.178.27,192.168.1.3,443,57124,O,PA,TCP,104,375,[PORT][FLAG]
13-02-2022 10:15:40,192.168.1.3,13.89.178.27,57124,443,W,A,TCP,128,40,[PORT]
13-02-2022 10:15:40,192.168.1.3,13.89.178.27,57124,443,W,PA,TCP,128,198,[PORT][FLAG]
13-02-2022 10:15:41,13.89.178.27,192.168.1.3,443,57124,O,PA,TCP,104,91,[PORT][FLAG]
13-02-2022 10:15:41,192.168.1.3,13.89.178.27,57124,443,W,A,TCP,128,40,[PORT]
13-02-2022 10:15:41,192.168.1.3,13.89.178.27,57124,443,W,A,TCP,128,1480,[PORT]
13-02-2022 10:15:41,192.168.1.3,13.89.178.27,57124,443,W,PA,TCP,128,1418,[PORT][FLAG]
13-02-2022 10:15:42,13.89.178.27,192.168.1.3,443,57124,O,A,TCP,104,40,[PORT]
13-02-2022 10:15:42,13.89.178.27,192.168.1.3,443,57124,O,PA,TCP,104,493,[PORT][FLAG]
13-02-2022 10:15:43,192.168.1.3,13.89.178.27,57124,443,W,A,TCP,128,40,[PORT]
13-02-2022 10:15:43,192.168.1.3,13.89.178.27,57124,443,W,PA,TCP,128,1138,[PORT][FLAG]
13-02-2022 10:16:05,13.89.178.27,192.168.1.3,443,57124,O,PA,TCP,104,524,[PORT][FLAG]
13-02-2022 10:16:05,192.168.1.3,13.89.178.27,57124,443,W,A,TCP,128,40,[PORT]
13-02-2022 10:16:06,192.168.1.3,13.89.178.27,57124,443,W,RA,TCP,128,40,[PORT]
13-02-2022 10:16:06,192.168.1.3,20.198.162.76,57066,443,W,PA,TCP,128,141,[PORT][FLAG]
13-02-2022 11:16:26,20.198.162.76,192.168.1.3,443,57066,O,PA,TCP,112,211,[PORT][FLAG]
13-02-2022 11:16:27,192.168.1.3,20.198.162.76,57066,443,W,A,TCP,128,40,[PORT]
13-02-2022 11:16:27,192.168.1.3,5.62.54.83,57078,80,W,A,TCP,128,41,[PORT]
13-02-2022 11:16:54,5.62.54.83,192.168.1.3,80,57078,O,A,TCP,48,40,[PORT]
13-02-2022 11:16:55,77.234.45.70,192.168.1.3,80,57081,O,PA,TCP,47,194,[PORT][FLAG]
13-02-2022 11:16:55,192.168.1.3,77.234.45.70,57081,80,W,A,TCP,128,40,[PORT]
13-02-2022 11:16:55,77.234.45.70,192.168.1.3,80,57081,O,PA,TCP,47,973,[PORT][FLAG]
13-02-2022 11:16:55,192.168.1.3,77.234.45.70,57081,80,W,PA,TCP,128,334,[PORT][FLAG]
13-02-2022 11:17:37,77.234.45.70,192.168.1.3,80,57081,O,A,TCP,47,40,[PORT]
13-02-2022 11:01:43,204.79.197.200,192.168.1.3,443,57150,O,RA,TCP,118,40,[PORT]
13-02-2022 11:01:46,13.107.4.254,192.168.1.3,443,57153,O,RA,TCP,118,40,[PORT]
13-02-2022 11:01:49,13.107.6.254,192.168.1.3,443,57152,O,RA,TCP,113,40,[PORT]
13-02-2022 11:01:50,168.61.144.12,192.168.1.3,443,57151,O,RA,TCP,104,40,[PORT]
13-02-2022 11:01:51,204.79.197.222,192.168.1.3,443,57154,O,RA,TCP,118,40,[PORT]
13-02-2022 11:01:59,77.234.45.70,192.168.1.3,80,57081,O,PA,TCP,47,194,[PORT][FLAG]
13-02-2022 11:02:00,192.168.1.3,77.234.45.70,57081,80,W,A,TCP,128,40,[PORT]
13-02-2022 11:02:00,77.234.45.70,192.168.1.3,80,57081,O,PA,TCP,47,655,[PORT][FLAG]
13-02-2022 11:02:00,192.168.1.3,77.234.45.70,57081,80,W,PA,TCP,128,334,[PORT][FLAG]
13-02-2022 11:02:01,77.234.45.70,192.168.1.3,80,57081,O,A,TCP,47,40,[PORT]
13-02-2022 11:02:17,192.168.1.3,5.62.54.83,57078,80,W,A,TCP,128,41,[PORT]
13-02-2022 11:02:17,5.62.54.83,192.168.1.3,80,57078,O,A,TCP,48,40,[PORT]
13-02-2022 11:04:38,192.168.1.3,192.168.1.1,53350,53,W,N,UDP,128,59,[SAFE]
13-02-2022 11:04:38,192.168.1.1,192.168.1.3,53,53350,L,N,UDP,64,164,[SAFE]
13-02-2022 11:04:38,192.168.1.3,103.41.21.162,57159,80,W,S,TCP,128,52,[PORT]
13-02-2022 11:04:38,103.41.21.162,192.168.1.3,80,57159,O,SA,TCP,57,52,[PORT]
13-02-2022 11:04:43,192.168.1.3,103.41.21.162,57159,80,W,A,TCP,128,40,[PORT]
13-02-2022 11:04:43,192.168.1.3,103.41.21.162,57159,80,W,PA,TCP,128,122,[PORT][FLAG]
13-02-2022 11:04:43,103.41.21.162,192.168.1.3,80,57159,O,A,TCP,57,40,[PORT]
13-02-2022 11:04:43,103.41.21.162,192.168.1.3,80,57159,O,PA,TCP,57,191,[PORT][FLAG]
13-02-2022 11:04:44,192.168.1.3,103.41.21.162,57159,80,W,FA,TCP,128,40,[PORT][FLAG]
13-02-2022 11:04:44,103.41.21.162,192.168.1.3,80,57159,O,FA,TCP,57,40,[PORT][FLAG]
13-02-2022 11:04:44,192.168.1.3,103.41.21.162,57159,80,W,A,TCP,128,40,[PORT]
13-02-2022 11:04:49,192.168.1.3,192.168.1.1,52430,53,W,N,UDP,128,75,[SAFE]
13-02-2022 11:04:49,192.168.1.1,192.168.1.3,53,52430,L,N,UDP,64,207,[SAFE]
13-02-2022 11:04:49,192.168.1.3,13.69.239.73,57160,443,W,S,TCP,128,52,[PORT]
13-02-2022 11:04:50,13.69.239.73,192.168.1.3,443,57160,O,SA,TCP,105,52,[PORT]
13-02-2022 11:04:50,192.168.1.3,13.69.239.73,57160,443,W,A,TCP,128,40,[PORT]
13-02-2022 11:04:50,192.168.1.3,13.69.239.73,57160,443,W,PA,TCP,128,254,[PORT][FLAG]
13-02-2022 11:04:50,13.69.239.73,192.168.1.3,443,57160,O,A,TCP,105,1500,[PORT]
13-02-2022 11:04:51,13.69.239.73,192.168.1.3,443,57160,O,A,TCP,105,1500,[PORT]
13-02-2022 11:04:51,13.69.239.73,192.168.1.3,443,57160,O,A,TCP,105,1500,[PORT]
13-02-2022 11:04:52,13.69.239.73,192.168.1.3,443,57160,O,PA,TCP,105,62,[PORT][FLAG]
13-02-2022 11:04:52,192.168.1.3,13.69.239.73,57160,443,W,A,TCP,128,40,[PORT]
13-02-2022 11:04:52,192.168.1.3,13.69.239.73,57160,443,W,PA,TCP,128,198,[PORT][FLAG]
13-02-2022 11:04:53,192.168.1.3,5.62.54.83,57078,80,W,A,TCP,128,41,[PORT]
13-02-2022 11:04:53,13.69.239.73,192.168.1.3,443,57160,O,PA,TCP,105,91,[PORT][FLAG]
13-02-2022 11:04:59,192.168.1.3,13.69.239.73,57160,443,W,A,TCP,128,1480,[PORT]
13-02-2022 11:05:00,192.168.1.3,13.69.239.73,57160,443,W,PA,TCP,128,57,[PORT][FLAG]
13-02-2022 11:05:00,192.168.1.3,13.69.239.73,57160,443,W,PA,TCP,128,1420,[PORT][FLAG]
13-02-2022 11:05:01,5.62.54.83,192.168.1.3,80,57078,O,A,TCP,48,40,[PORT]
13-02-2022 11:05:01,13.69.239.73,192.168.1.3,443,57160,O,A,TCP,105,40,[PORT]
13-02-2022 11:05:01,13.69.239.73,192.168.1.3,443,57160,O,PA,TCP,105,449,[PORT][FLAG]
13-02-2022 11:05:02,192.168.1.3,13.69.239.73,57160,443,W,A,TCP,128,40,[PORT]
13-02-2022 11:05:02,192.168.1.3,13.69.239.73,57160,443,W,FA,TCP,128,40,[PORT][FLAG]
13-02-2022 11:05:02,13.69.239.73,192.168.1.3,443,57160,O,FA,TCP,105,40,[PORT][FLAG]
13-02-2022 11:05:03,192.168.1.3,13.69.239.73,57160,443,W,A,TCP,128,40,[PORT]
13-02-2022 11:05:03,77.234.45.70,192.168.1.3,80,57081,O,PA,TCP,47,194,[PORT][FLAG]
13-02-2022 11:05:33,192.168.1.3,77.234.45.70,57081,80,W,A,TCP,128,40,[PORT]
13-02-2022 11:05:33,77.234.45.70,192.168.1.3,80,57081,O,PA,TCP,47,1163,[PORT][FLAG]
13-02-2022 11:05:34,192.168.1.3,77.234.45.70,57081,80,W,PA,TCP,128,334,[PORT][FLAG]
13-02-2022 11:05:34,77.234.45.70,192.168.1.3,80,57081,O,A,TCP,47,40,[PORT]
13-02-2022 11:05:34,192.168.1.3,192.168.1.1,58360,53,W,N,UDP,128,76,[SAFE]
13-02-2022 11:05:36,192.168.1.1,192.168.1.3,53,58360,L,N,UDP,64,197,[SAFE]
13-02-2022 11:05:36,192.168.1.3,104.208.16.90,57161,443,W,S,TCP,128,52,[PORT]
13-02-2022 11:05:37,104.208.16.90,192.168.1.3,443,57161,O,SA,TCP,105,52,[PORT]
13-02-2022 11:05:37,192.168.1.3,104.208.16.90,57161,443,W,A,TCP,128,40,[PORT]
13-02-2022 11:05:37,192.168.1.3,104.208.16.90,57161,443,W,PA,TCP,128,237,[PORT][FLAG]
13-02-2022 11:05:37,104.208.16.90,192.168.1.3,443,57161,O,A,TCP,105,1500,[PORT]
13-02-2022 11:05:38,104.208.16.90,192.168.1.3,443,57161,O,A,TCP,105,1500,[PORT]
13-02-2022 11:05:38,104.208.16.90,192.168.1.3,443,57161,O,A,TCP,105,1500,[PORT]
13-02-2022 11:05:39,104.208.16.90,192.168.1.3,443,57161,O,A,TCP,105,1500,[PORT]
13-02-2022 11:05:39,104.208.16.90,192.168.1.3,443,57161,O,PA,TCP,105,411,[PORT][FLAG]
13-02-2022 11:05:39,192.168.1.3,104.208.16.90,57161,443,W,A,TCP,128,40,[PORT]
13-02-2022 11:05:40,192.168.1.3,104.208.16.90,57161,443,W,PA,TCP,128,198,[PORT][FLAG]
13-02-2022 11:05:40,104.208.16.90,192.168.1.3,443,57161,O,PA,TCP,105,91,[PORT][FLAG]
13-02-2022 11:05:40,192.168.1.3,104.208.16.90,57161,443,W,A,TCP,128,40,[PORT]
13-02-2022 11:05:40,192.168.1.3,104.208.16.90,57161,443,W,A,TCP,128,1480,[PORT]
13-02-2022 11:05:41,192.168.1.3,104.208.16.90,57161,443,W,PA,TCP,128,1416,[PORT][FLAG]
13-02-2022 11:05:41,104.208.16.90,192.168.1.3,443,57161,O,PA,TCP,105,94,[PORT][FLAG]
13-02-2022 11:05:42,192.168.1.3,104.208.16.90,57161,443,W,A,TCP,128,40,[PORT]
13-02-2022 11:05:42,104.208.16.90,192.168.1.3,443,57161,O,PA,TCP,105,493,[PORT][FLAG]
13-02-2022 11:05:42,192.168.1.3,104.208.16.90,57161,443,W,A,TCP,128,40,[PORT]
13-02-2022 11:05:42,192.168.1.3,104.208.16.90,57161,443,W,PA,TCP,128,1141,[PORT][FLAG]
13-02-2022 11:06:32,104.208.16.90,192.168.1.3,443,57161,O,PA,TCP,105,524,[PORT][FLAG]
13-02-2022 11:06:32,192.168.1.3,104.208.16.90,57161,443,W,A,TCP,128,40,[PORT]
13-02-2022 11:06:33,192.168.1.3,104.208.16.90,57161,443,W,RA,TCP,128,40,[PORT]
13-02-2022 11:07:22,192.168.1.3,5.62.54.83,57078,80,W,A,TCP,128,41,[PORT]
13-02-2022 11:07:23,5.62.54.83,192.168.1.3,80,57078,O,A,TCP,48,40,[PORT]
13-02-2022 11:07:57,77.234.45.70,192.168.1.3,80,57081,O,PA,TCP,47,194,[PORT][FLAG]
13-02-2022 11:07:57,192.168.1.3,77.234.45.70,57081,80,W,A,TCP,128,40,[PORT]
13-02-2022 11:07:58,77.234.45.70,192.168.1.3,80,57081,O,PA,TCP,47,802,[PORT][FLAG]
13-02-2022 11:07:58,192.168.1.3,77.234.45.70,57081,80,W,PA,TCP,128,334,[PORT][FLAG]
13-02-2022 11:07:58,77.234.45.70,192.168.1.3,80,57081,O,A,TCP,47,40,[PORT]
13-02-2022 11:09:55,192.168.1.3,5.62.54.83,57078,80,W,A,TCP,128,41,[PORT]
13-02-2022 11:09:55,5.62.54.83,192.168.1.3,80,57078,O,A,TCP,48,40,[PORT]
13-02-2022 11:10:47,192.168.1.3,192.168.1.1,58411,53,W,N,UDP,128,75,[SAFE]
13-02-2022 11:10:47,192.168.1.1,192.168.1.3,53,58411,L,N,UDP,64,206,[SAFE]
13-02-2022 11:10:47,192.168.1.3,13.69.109.130,57162,443,W,S,TCP,128,52,[PORT]
13-02-2022 11:10:47,13.69.109.130,192.168.1.3,443,57162,O,SA,TCP,104,52,[PORT]
13-02-2022 11:10:48,192.168.1.3,13.69.109.130,57162,443,W,A,TCP,128,40,[PORT]
13-02-2022 11:10:48,192.168.1.3,13.69.109.130,57162,443,W,PA,TCP,128,254,[PORT][FLAG]
13-02-2022 11:10:48,13.69.109.130,192.168.1.3,443,57162,O,A,TCP,104,1500,[PORT]
13-02-2022 11:10:48,13.69.109.130,192.168.1.3,443,57162,O,A,TCP,104,1500,[PORT]
13-02-2022 11:10:49,13.69.109.130,192.168.1.3,443,57162,O,A,TCP,104,1500,[PORT]
13-02-2022 11:10:49,13.69.109.130,192.168.1.3,443,57162,O,PA,TCP,104,62,[PORT][FLAG]
13-02-2022 11:10:50,192.168.1.3,13.69.109.130,57162,443,W,A,TCP,128,40,[PORT]
13-02-2022 11:10:50,192.168.1.3,13.69.109.130,57162,443,W,PA,TCP,128,198,[PORT][FLAG]
13-02-2022 11:10:50,13.69.109.130,192.168.1.3,443,57162,O,PA,TCP,104,91,[PORT][FLAG]
13-02-2022 11:10:52,192.168.1.3,13.69.109.130,57162,443,W,A,TCP,128,1480,[PORT]
13-02-2022 11:10:52,192.168.1.3,13.69.109.130,57162,443,W,PA,TCP,128,873,[PORT][FLAG]
13-02-2022 11:10:53,13.69.109.130,192.168.1.3,443,57162,O,A,TCP,104,40,[PORT]
13-02-2022 11:10:53,13.69.109.130,192.168.1.3,443,57162,O,PA,TCP,104,449,[PORT][FLAG]
13-02-2022 11:10:53,192.168.1.3,13.69.109.130,57162,443,W,A,TCP,128,40,[PORT]
13-02-2022 11:10:54,192.168.1.3,13.69.109.130,57162,443,W,FA,TCP,128,40,[PORT][FLAG]
13-02-2022 11:10:54,13.69.109.130,192.168.1.3,443,57162,O,FA,TCP,104,40,[PORT][FLAG]
13-02-2022 11:10:54,192.168.1.3,13.69.109.130,57162,443,W,A,TCP,128,40,[PORT]
13-02-2022 11:11:00,77.234.45.70,192.168.1.3,80,57081,O,PA,TCP,47,194,[PORT][FLAG]
13-02-2022 11:11:00,192.168.1.3,77.234.45.70,57081,80,W,A,TCP,128,40,[PORT]
13-02-2022 11:11:00,77.234.45.70,192.168.1.3,80,57081,O,PA,TCP,47,1294,[PORT][FLAG]
13-02-2022 11:11:21,192.168.1.3,77.234.45.70,57081,80,W,PA,TCP,128,334,[PORT][FLAG]
13-02-2022 11:11:22,77.234.45.70,192.168.1.3,80,57081,O,A,TCP,47,40,[PORT]
13-02-2022 11:12:21,192.168.1.3,20.198.162.76,57066,443,W,PA,TCP,128,141,[PORT][FLAG]
13-02-2022 11:12:22,20.198.162.76,192.168.1.3,443,57066,O,PA,TCP,112,211,[PORT][FLAG]
13-02-2022 11:12:26,192.168.1.3,20.198.162.76,57066,443,W,A,TCP,128,40,[PORT]
13-02-2022 11:12:28,192.168.1.3,5.62.54.83,57078,80,W,A,TCP,128,41,[PORT]
13-02-2022 11:12:28,5.62.54.83,192.168.1.3,80,57078,O,A,TCP,48,40,[PORT]
13-02-2022 11:14:02,77.234.45.70,192.168.1.3,80,57081,O,PA,TCP,47,194,[PORT][FLAG]
13-02-2022 11:14:02,192.168.1.3,77.234.45.70,57081,80,W,A,TCP,128,40,[PORT]
13-02-2022 11:14:02,77.234.45.70,192.168.1.3,80,57081,O,PA,TCP,47,911,[PORT][FLAG]
13-02-2022 11:14:38,192.168.1.3,77.234.45.70,57081,80,W,PA,TCP,128,334,[PORT][FLAG]
13-02-2022 11:14:38,77.234.45.70,192.168.1.3,80,57081,O,A,TCP,47,40,[PORT]
13-02-2022 11:14:38,192.168.1.3,192.168.1.1,52444,53,W,N,UDP,128,59,[SAFE]
13-02-2022 11:14:43,192.168.1.1,192.168.1.3,53,52444,L,N,UDP,64,164,[SAFE]
13-02-2022 11:14:43,192.168.1.3,103.41.21.169,57163,80,W,S,TCP,128,52,[PORT]
13-02-2022 11:14:43,103.41.21.169,192.168.1.3,80,57163,O,SA,TCP,57,52,[PORT]
13-02-2022 11:14:43,192.168.1.3,103.41.21.169,57163,80,W,A,TCP,128,40,[PORT]
13-02-2022 11:14:44,192.168.1.3,103.41.21.169,57163,80,W,PA,TCP,128,122,[PORT][FLAG]
13-02-2022 11:14:44,103.41.21.169,192.168.1.3,80,57163,O,A,TCP,57,40,[PORT]
13-02-2022 11:14:44,103.41.21.169,192.168.1.3,80,57163,O,PA,TCP,57,191,[PORT][FLAG]
13-02-2022 11:14:44,192.168.1.3,103.41.21.169,57163,80,W,FA,TCP,128,40,[PORT][FLAG]
13-02-2022 11:14:45,103.41.21.169,192.168.1.3,80,57163,O,FA,TCP,57,40,[PORT][FLAG]
13-02-2022 11:14:45,192.168.1.3,103.41.21.169,57163,80,W,A,TCP,128,40,[PORT]
13-02-2022 11:15:01,192.168.1.3,5.62.54.83,57078,80,W,A,TCP,128,41,[PORT]
13-02-2022 11:15:01,5.62.54.83,192.168.1.3,80,57078,O,A,TCP,48,40,[PORT]
13-02-2022 11:15:33,192.168.1.3,192.168.1.1,54271,53,W,N,UDP,128,76,[SAFE]
13-02-2022 11:15:33,192.168.1.1,192.168.1.3,53,54271,L,N,UDP,64,194,[SAFE]
13-02-2022 11:15:33,192.168.1.3,20.189.173.2,57164,443,W,S,TCP,128,52,[PORT]
13-02-2022 11:15:33,20.189.173.2,192.168.1.3,443,57164,O,SA,TCP,107,52,[PORT]
13-02-2022 11:15:33,192.168.1.3,20.189.173.2,57164,443,W,A,TCP,128,40,[PORT]
13-02-2022 11:15:34,192.168.1.3,20.189.173.2,57164,443,W,PA,TCP,128,237,[PORT][FLAG]
13-02-2022 11:15:34,20.189.173.2,192.168.1.3,443,57164,O,A,TCP,107,1500,[PORT]
13-02-2022 11:15:36,192.168.1.3,20.189.173.2,57164,443,W,A,TCP,128,40,[PORT]
13-02-2022 11:15:36,20.189.173.2,192.168.1.3,443,57164,O,A,TCP,107,1500,[PORT]
13-02-2022 11:15:37,20.189.173.2,192.168.1.3,443,57164,O,A,TCP,107,1500,[PORT]
13-02-2022 11:15:37,20.189.173.2,192.168.1.3,443,57164,O,A,TCP,107,1500,[PORT]
13-02-2022 11:15:38,20.189.173.2,192.168.1.3,443,57164,O,PA,TCP,107,372,[PORT][FLAG]
13-02-2022 11:15:38,192.168.1.3,20.189.173.2,57164,443,W,A,TCP,128,40,[PORT]
13-02-2022 11:15:38,192.168.1.3,20.189.173.2,57164,443,W,PA,TCP,128,198,[PORT][FLAG]
13-02-2022 11:15:39,20.189.173.2,192.168.1.3,443,57164,O,PA,TCP,107,91,[PORT][FLAG]
13-02-2022 11:15:39,192.168.1.3,20.189.173.2,57164,443,W,A,TCP,128,40,[PORT]
13-02-2022 11:15:39,192.168.1.3,20.189.173.2,57164,443,W,A,TCP,128,1480,[PORT]
13-02-2022 11:15:39,192.168.1.3,20.189.173.2,57164,443,W,PA,TCP,128,1419,[PORT][FLAG]
13-02-2022 11:15:40,20.189.173.2,192.168.1.3,443,57164,O,PA,TCP,107,94,[PORT][FLAG]
13-02-2022 11:15:40,192.168.1.3,20.189.173.2,57164,443,W,A,TCP,128,40,[PORT]
13-02-2022 11:15:40,20.189.173.2,192.168.1.3,443,57164,O,PA,TCP,107,493,[PORT][FLAG]
13-02-2022 11:15:41,192.168.1.3,20.189.173.2,57164,443,W,A,TCP,128,40,[PORT]
13-02-2022 11:15:41,192.168.1.3,20.189.173.2,57164,443,W,PA,TCP,128,1139,[PORT][FLAG]
13-02-2022 11:15:48,20.189.173.2,192.168.1.3,443,57164,O,PA,TCP,107,524,[PORT][FLAG]
13-02-2022 11:15:48,192.168.1.3,20.189.173.2,57164,443,W,A,TCP,128,40,[PORT]
13-02-2022 11:15:49,192.168.1.3,20.189.173.2,57164,443,W,RA,TCP,128,40,[PORT]
13-02-2022 11:15:49,192.168.1.3,192.168.1.1,55122,53,W,N,UDP,128,75,[SAFE]
13-02-2022 11:15:49,192.168.1.1,192.168.1.3,53,55122,L,N,UDP,64,203,[SAFE]
13-02-2022 11:15:49,192.168.1.3,51.132.193.105,57165,443,W,S,TCP,128,52,[PORT]
13-02-2022 11:15:49,51.132.193.105,192.168.1.3,443,57165,O,SA,TCP,106,52,[PORT]
13-02-2022 11:15:50,192.168.1.3,51.132.193.105,57165,443,W,A,TCP,128,40,[PORT]
13-02-2022 11:15:50,192.168.1.3,51.132.193.105,57165,443,W,PA,TCP,128,254,[PORT][FLAG]
13-02-2022 11:15:50,51.132.193.105,192.168.1.3,443,57165,O,A,TCP,106,1500,[PORT]
13-02-2022 11:15:50,51.132.193.105,192.168.1.3,443,57165,O,A,TCP,106,1500,[PORT]
13-02-2022 11:15:51,51.132.193.105,192.168.1.3,443,57165,O,A,TCP,106,1500,[PORT]
13-02-2022 11:15:51,51.132.193.105,192.168.1.3,443,57165,O,PA,TCP,106,62,[PORT][FLAG]
13-02-2022 11:15:52,192.168.1.3,51.132.193.105,57165,443,W,A,TCP,128,40,[PORT]
13-02-2022 11:15:52,192.168.1.3,51.132.193.105,57165,443,W,PA,TCP,128,198,[PORT][FLAG]
13-02-2022 11:15:52,51.132.193.105,192.168.1.3,443,57165,O,PA,TCP,106,91,[PORT][FLAG]
13-02-2022 11:15:53,192.168.1.3,51.132.193.105,57165,443,W,A,TCP,128,1480,[PORT]
13-02-2022 11:15:53,192.168.1.3,51.132.193.105,57165,443,W,PA,TCP,128,880,[PORT][FLAG]
13-02-2022 11:15:54,51.132.193.105,192.168.1.3,443,57165,O,A,TCP,106,40,[PORT]
13-02-2022 11:15:54,51.132.193.105,192.168.1.3,443,57165,O,PA,TCP,106,449,[PORT][FLAG]
13-02-2022 11:15:54,192.168.1.3,51.132.193.105,57165,443,W,FA,TCP,128,40,[PORT][FLAG]
13-02-2022 11:17:04,51.132.193.105,192.168.1.3,443,57165,O,FA,TCP,106,40,[PORT][FLAG]
13-02-2022 11:17:04,192.168.1.3,51.132.193.105,57165,443,W,A,TCP,128,40,[PORT]
13-02-2022 11:17:05,77.234.45.70,192.168.1.3,80,57081,O,PA,TCP,47,194,[PORT][FLAG]
13-02-2022 11:17:09,192.168.1.3,77.234.45.70,57081,80,W,A,TCP,128,40,[PORT]
13-02-2022 11:17:09,77.234.45.70,192.168.1.3,80,57081,O,PA,TCP,47,795,[PORT][FLAG]
13-02-2022 11:17:09,192.168.1.3,77.234.45.70,57081,80,W,A,TCP,128,40,[PORT]
13-02-2022 11:17:10,192.168.1.3,77.234.45.70,57081,80,W,PA,TCP,128,334,[PORT][FLAG]
13-02-2022 11:17:10,77.234.45.70,192.168.1.3,80,57081,O,A,TCP,47,40,[PORT]
13-02-2022 11:17:34,192.168.1.3,5.62.54.83,57078,80,W,A,TCP,128,41,[PORT]
13-02-2022 11:17:34,5.62.54.83,192.168.1.3,80,57078,O,A,TCP,48,40,[PORT]
13-02-2022 11:04:31,192.168.1.3,5.62.54.83,57078,80,W,A,TCP,128,41,[PORT]
13-02-2022 11:04:31,5.62.54.83,192.168.1.3,80,57078,O,A,TCP,48,40,[PORT]
13-02-2022 11:04:39,192.168.1.3,192.168.1.1,57972,53,W,N,UDP,128,59,[SAFE]
13-02-2022 11:04:39,192.168.1.1,192.168.1.3,53,57972,L,N,UDP,64,164,[SAFE]
13-02-2022 11:04:39,192.168.1.3,103.41.21.169,51635,80,W,S,TCP,128,52,[PORT]
13-02-2022 11:04:39,103.41.21.169,192.168.1.3,80,51635,O,SA,TCP,57,52,[PORT]
13-02-2022 11:04:39,192.168.1.3,103.41.21.169,51635,80,W,A,TCP,128,40,[PORT]
13-02-2022 11:04:40,192.168.1.3,103.41.21.169,51635,80,W,PA,TCP,128,122,[PORT][FLAG]
13-02-2022 11:04:40,103.41.21.169,192.168.1.3,80,51635,O,A,TCP,57,40,[PORT]
13-02-2022 11:04:44,103.41.21.169,192.168.1.3,80,51635,O,PA,TCP,57,191,[PORT][FLAG]
13-02-2022 11:04:44,192.168.1.3,103.41.21.169,51635,80,W,FA,TCP,128,40,[PORT][FLAG]
13-02-2022 11:04:44,103.41.21.169,192.168.1.3,80,51635,O,FA,TCP,57,40,[PORT][FLAG]
13-02-2022 11:04:45,192.168.1.3,103.41.21.169,51635,80,W,A,TCP,128,40,[PORT]
13-02-2022 11:05:06,52.113.196.254,192.168.1.3,443,51628,O,RA,TCP,112,40,[PORT]
13-02-2022 11:05:06,204.79.197.200,192.168.1.3,443,51630,O,RA,TCP,117,40,[PORT]
13-02-2022 11:05:07,13.107.18.254,192.168.1.3,443,51626,O,RA,TCP,112,40,[PORT]
13-02-2022 11:05:10,204.79.197.222,192.168.1.3,443,51629,O,RA,TCP,117,40,[PORT]
13-02-2022 11:05:10,13.107.42.254,192.168.1.3,443,51627,O,RA,TCP,113,40,[PORT]
13-02-2022 11:05:17,77.234.45.70,192.168.1.3,80,57081,O,PA,TCP,47,194,[PORT][FLAG]
13-02-2022 11:05:17,77.234.45.70,192.168.1.3,80,57081,O,A,TCP,47,1500,[PORT]
13-02-2022 11:05:18,77.234.45.70,192.168.1.3,80,57081,O,A,TCP,47,1500,[PORT]
13-02-2022 11:05:18,192.168.1.3,77.234.45.70,57081,80,W,A,TCP,128,40,[PORT]
13-02-2022 11:05:19,77.234.45.70,192.168.1.3,80,57081,O,PA,TCP,47,415,[PORT][FLAG]
13-02-2022 11:05:19,192.168.1.3,77.234.45.70,57081,80,W,PA,TCP,128,334,[PORT][FLAG]
13-02-2022 11:05:19,77.234.45.70,192.168.1.3,80,57081,O,A,TCP,47,40,[PORT]
13-02-2022 11:05:33,192.168.1.3,192.168.1.1,64964,53,W,N,UDP,128,76,[SAFE]
13-02-2022 11:05:33,192.168.1.1,192.168.1.3,53,64964,L,N,UDP,64,194,[SAFE]
13-02-2022 11:05:33,192.168.1.3,20.189.173.12,51636,443,W,S,TCP,128,52,[PORT]
13-02-2022 11:05:34,20.189.173.12,192.168.1.3,443,51636,O,SA,TCP,106,52,[PORT]
13-02-2022 11:05:34,192.168.1.3,20.189.173.12,51636,443,W,A,TCP,128,40,[PORT]
13-02-2022 12:05:34,192.168.1.3,20.189.173.12,51636,443,W,PA,TCP,128,237,[PORT][FLAG]
13-02-2022 12:05:34,20.189.173.12,192.168.1.3,443,51636,O,A,TCP,106,1500,[PORT]
13-02-2022 12:05:35,192.168.1.3,20.189.173.12,51636,443,W,A,TCP,128,40,[PORT]
13-02-2022 12:05:35,20.189.173.12,192.168.1.3,443,51636,O,A,TCP,106,1500,[PORT]
13-02-2022 12:05:36,20.189.173.12,192.168.1.3,443,51636,O,A,TCP,106,1500,[PORT]
13-02-2022 12:05:36,20.189.173.12,192.168.1.3,443,51636,O,A,TCP,106,1500,[PORT]
13-02-2022 12:05:36,20.189.173.12,192.168.1.3,443,51636,O,PA,TCP,106,408,[PORT][FLAG]
13-02-2022 12:05:37,192.168.1.3,20.189.173.12,51636,443,W,A,TCP,128,40,[PORT]
13-02-2022 12:05:37,192.168.1.3,20.189.173.12,51636,443,W,PA,TCP,128,198,[PORT][FLAG]
13-02-2022 12:05:38,20.189.173.12,192.168.1.3,443,51636,O,PA,TCP,106,91,[PORT][FLAG]
13-02-2022 12:05:38,192.168.1.3,20.189.173.12,51636,443,W,A,TCP,128,40,[PORT]
13-02-2022 12:05:39,192.168.1.3,20.189.173.12,51636,443,W,A,TCP,128,1480,[PORT]
13-02-2022 12:05:39,192.168.1.3,20.189.173.12,51636,443,W,PA,TCP,128,1419,[PORT][FLAG]
13-02-2022 12:05:39,20.189.173.12,192.168.1.3,443,51636,O,A,TCP,106,40,[PORT]
13-02-2022 12:05:40,20.189.173.12,192.168.1.3,443,51636,O,PA,TCP,106,493,[PORT][FLAG]
13-02-2022 12:05:40,192.168.1.3,20.189.173.12,51636,443,W,A,TCP,128,40,[PORT]
13-02-2022 12:05:40,192.168.1.3,20.189.173.12,51636,443,W,PA,TCP,128,1081,[PORT][FLAG]
13-02-2022 12:05:41,20.189.173.12,192.168.1.3,443,51636,O,PA,TCP,106,493,[PORT][FLAG]
13-02-2022 12:05:41,192.168.1.3,20.189.173.12,51636,443,W,A,TCP,128,40,[PORT]
13-02-2022 12:06:09,192.168.1.3,20.189.173.12,51636,443,W,RA,TCP,128,40,[PORT]
13-02-2022 12:06:21,192.168.1.3,20.198.162.76,57066,443,W,PA,TCP,128,141,[PORT][FLAG]
13-02-2022 12:06:22,20.198.162.76,192.168.1.3,443,57066,O,PA,TCP,112,211,[PORT][FLAG]
13-02-2022 12:06:22,192.168.1.3,20.198.162.76,57066,443,W,A,TCP,128,40,[PORT]
13-02-2022 12:06:22,192.168.1.3,13.107.5.88,51637,443,W,S,TCP,128,52,[PORT]
13-02-2022 12:06:23,13.107.5.88,192.168.1.3,443,51637,O,SA,TCP,112,52,[PORT]
13-02-2022 12:06:23,192.168.1.3,13.107.5.88,51637,443,W,A,TCP,128,40,[PORT]
13-02-2022 12:06:23,192.168.1.3,13.107.5.88,51637,443,W,PA,TCP,128,553,[PORT][FLAG]
13-02-2022 12:06:24,13.107.5.88,192.168.1.3,443,51637,O,A,TCP,113,40,[PORT]
13-02-2022 12:06:24,13.107.5.88,192.168.1.3,443,51637,O,A,TCP,113,1500,[PORT]
13-02-2022 12:06:24,13.107.5.88,192.168.1.3,443,51637,O,A,TCP,113,1500,[PORT]
13-02-2022 12:06:25,13.107.5.88,192.168.1.3,443,51637,O,A,TCP,113,1500,[PORT]
13-02-2022 12:06:25,13.107.5.88,192.168.1.3,443,51637,O,A,TCP,113,1500,[PORT]
13-02-2022 12:06:26,13.107.5.88,192.168.1.3,443,51637,O,PA,TCP,113,429,[PORT][FLAG]
13-02-2022 12:06:26,192.168.1.3,13.107.5.88,51637,443,W,A,TCP,128,40,[PORT]
13-02-2022 12:06:26,192.168.1.3,13.107.5.88,51637,443,W,PA,TCP,128,198,[PORT][FLAG]
13-02-2022 12:06:27,192.168.1.3,13.107.5.88,51637,443,W,PA,TCP,128,127,[PORT][FLAG]
13-02-2022 12:06:27,192.168.1.3,13.107.5.88,51637,443,W,PA,TCP,128,453,[PORT][FLAG]
13-02-2022 12:06:27,13.107.5.88,192.168.1.3,443,51637,O,A,TCP,113,40,[PORT]
13-02-2022 12:07:04,13.107.5.88,192.168.1.3,443,51637,O,A,TCP,113,40,[PORT]
13-02-2022 12:07:04,13.107.5.88,192.168.1.3,443,51637,O,PA,TCP,113,366,[PORT][FLAG]
13-02-2022 12:07:04,13.107.5.88,192.168.1.3,443,51637,O,PA,TCP,113,109,[PORT][FLAG]
13-02-2022 12:07:05,192.168.1.3,13.107.5.88,51637,443,W,A,TCP,128,40,[PORT]
13-02-2022 12:07:05,13.107.5.88,192.168.1.3,443,51637,O,PA,TCP,113,78,[PORT][FLAG]
13-02-2022 12:07:05,192.168.1.3,13.107.5.88,51637,443,W,A,TCP,128,40,[PORT]
13-02-2022 12:07:05,192.168.1.3,13.107.5.88,51637,443,W,PA,TCP,128,78,[PORT][FLAG]
13-02-2022 12:07:06,13.107.5.88,192.168.1.3,443,51637,O,PA,TCP,113,329,[PORT][FLAG]
13-02-2022 12:07:06,192.168.1.3,13.107.5.88,51637,443,W,A,TCP,128,40,[PORT]
13-02-2022 12:07:06,13.107.5.88,192.168.1.3,443,51637,O,A,TCP,113,40,[PORT]
13-02-2022 12:07:07,192.168.1.3,5.62.54.83,57078,80,W,A,TCP,128,41,[PORT]
13-02-2022 12:07:38,5.62.54.83,192.168.1.3,80,57078,O,A,TCP,48,40,[PORT]
13-02-2022 12:08:30,13.107.5.88,192.168.1.3,443,51637,O,RA,TCP,113,40,[PORT]
13-02-2022 12:08:38,77.234.45.70,192.168.1.3,80,57081,O,PA,TCP,47,221,[PORT][FLAG]
13-02-2022 12:08:38,192.168.1.3,77.234.45.70,57081,80,W,PA,TCP,128,334,[PORT][FLAG]
13-02-2022 12:08:39,77.234.45.70,192.168.1.3,80,57081,O,A,TCP,47,40,[PORT]
13-02-2022 12:08:42,77.234.45.70,192.168.1.3,80,57081,O,PA,TCP,47,194,[PORT][FLAG]
13-02-2022 12:08:42,77.234.45.70,192.168.1.3,80,57081,O,A,TCP,47,1500,[PORT]
13-02-2022 12:08:43,77.234.45.70,192.168.1.3,80,57081,O,A,TCP,47,1500,[PORT]
13-02-2022 12:08:43,192.168.1.3,77.234.45.70,57081,80,W,A,TCP,128,40,[PORT]
13-02-2022 12:09:36,77.234.45.70,192.168.1.3,80,57081,O,PA,TCP,47,238,[PORT][FLAG]
13-02-2022 12:09:37,192.168.1.3,77.234.45.70,57081,80,W,PA,TCP,128,334,[PORT][FLAG]
13-02-2022 12:09:37,77.234.45.70,192.168.1.3,80,57081,O,A,TCP,47,40,[PORT]
13-02-2022 12:09:37,192.168.1.3,5.62.54.83,57078,80,W,A,TCP,128,41,[PORT]
13-02-2022 12:10:44,5.62.54.83,192.168.1.3,80,57078,O,A,TCP,48,40,[PORT]
13-02-2022 12:10:45,192.168.1.3,192.168.1.1,54545,53,W,N,UDP,128,75,[SAFE]
13-02-2022 12:10:45,192.168.1.1,192.168.1.3,53,54545,L,N,UDP,64,207,[SAFE]
13-02-2022 12:10:45,192.168.1.3,13.69.239.74,51638,443,W,S,TCP,128,52,[PORT]
13-02-2022 12:10:45,13.69.239.74,192.168.1.3,443,51638,O,SA,TCP,105,52,[PORT]
13-02-2022 12:10:45,192.168.1.3,13.69.239.74,51638,443,W,A,TCP,128,40,[PORT]
13-02-2022 12:10:46,192.168.1.3,13.69.239.74,51638,443,W,PA,TCP,128,254,[PORT][FLAG]
13-02-2022 12:10:46,13.69.239.74,192.168.1.3,443,51638,O,A,TCP,105,1500,[PORT]
13-02-2022 12:10:49,13.69.239.74,192.168.1.3,443,51638,O,A,TCP,105,1500,[PORT]
13-02-2022 12:10:50,13.69.239.74,192.168.1.3,443,51638,O,A,TCP,105,1500,[PORT]
13-02-2022 12:10:50,13.69.239.74,192.168.1.3,443,51638,O,PA,TCP,105,62,[PORT][FLAG]
13-02-2022 12:10:51,192.168.1.3,13.69.239.74,51638,443,W,A,TCP,128,40,[PORT]
13-02-2022 12:10:51,192.168.1.3,13.69.239.74,51638,443,W,PA,TCP,128,198,[PORT][FLAG]
13-02-2022 12:10:51,13.69.239.74,192.168.1.3,443,51638,O,PA,TCP,105,91,[PORT][FLAG]
13-02-2022 12:10:52,192.168.1.3,13.69.239.74,51638,443,W,A,TCP,128,1480,[PORT]
13-02-2022 12:10:52,192.168.1.3,13.69.239.74,51638,443,W,PA,TCP,128,57,[PORT][FLAG]
13-02-2022 12:10:52,192.168.1.3,13.69.239.74,51638,443,W,A,TCP,128,1480,[PORT]
13-02-2022 12:10:53,192.168.1.3,13.69.239.74,51638,443,W,PA,TCP,128,786,[PORT][FLAG]
13-02-2022 12:10:53,13.69.239.74,192.168.1.3,443,51638,O,A,TCP,105,40,[PORT]
13-02-2022 12:10:53,13.69.239.74,192.168.1.3,443,51638,O,PA,TCP,105,449,[PORT][FLAG]
13-02-2022 12:10:54,192.168.1.3,13.69.239.74,51638,443,W,A,TCP,128,40,[PORT]
13-02-2022 12:10:54,192.168.1.3,13.69.239.74,51638,443,W,FA,TCP,128,40,[PORT][FLAG]
13-02-2022 12:10:54,13.69.239.74,192.168.1.3,443,51638,O,FA,TCP,105,40,[PORT][FLAG]
13-02-2022 12:10:55,192.168.1.3,13.69.239.74,51638,443,W,A,TCP,128,40,[PORT]
13-02-2022 12:11:22,77.234.45.70,192.168.1.3,80,57081,O,PA,TCP,47,194,[PORT][FLAG]
13-02-2022 12:11:23,77.234.45.70,192.168.1.3,80,57081,O,A,TCP,47,1500,[PORT]
13-02-2022 12:11:23,192.168.1.3,77.234.45.70,57081,80,W,A,TCP,128,40,[PORT]
13-02-2022 12:11:23,77.234.45.70,192.168.1.3,80,57081,O,A,TCP,47,1500,[PORT]
13-02-2022 12:11:24,192.168.1.3,77.234.45.70,57081,80,W,A,TCP,128,40,[PORT]
13-02-2022 12:11:27,77.234.45.70,192.168.1.3,80,57081,O,PA,TCP,47,275,[PORT][FLAG]
13-02-2022 12:11:28,192.168.1.3,77.234.45.70,57081,80,W,PA,TCP,128,334,[PORT][FLAG]
13-02-2022 12:11:28,77.234.45.70,192.168.1.3,80,57081,O,A,TCP,47,40,[PORT]
13-02-2022 12:12:09,192.168.1.3,5.62.54.83,57078,80,W,A,TCP,128,41,[PORT]
13-02-2022 12:12:10,5.62.54.83,192.168.1.3,80,57078,O,A,TCP,48,40,[PORT]
13-02-2022 12:14:25,77.234.45.70,192.168.1.3,80,57081,O,PA,TCP,47,194,[PORT][FLAG]
13-02-2022 12:14:25,77.234.45.70,192.168.1.3,80,57081,O,A,TCP,47,1500,[PORT]
13-02-2022 12:14:25,77.234.45.70,192.168.1.3,80,57081,O,A,TCP,47,1500,[PORT]
13-02-2022 12:14:26,192.168.1.3,77.234.45.70,57081,80,W,A,TCP,128,40,[PORT]
13-02-2022 12:14:26,77.234.45.70,192.168.1.3,80,57081,O,PA,TCP,47,448,[PORT][FLAG]
13-02-2022 12:14:26,192.168.1.3,77.234.45.70,57081,80,W,A,TCP,128,40,[PORT]
13-02-2022 12:14:27,192.168.1.3,77.234.45.70,57081,80,W,PA,TCP,128,334,[PORT][FLAG]
13-02-2022 12:14:27,77.234.45.70,192.168.1.3,80,57081,O,A,TCP,47,40,[PORT]
13-02-2022 12:14:39,192.168.1.3,192.168.1.1,63529,53,W,N,UDP,128,59,[SAFE]
13-02-2022 12:14:39,192.168.1.3,192.168.1.1,63529,53,W,N,UDP,128,59,[SAFE]
13-02-2022 12:14:39,192.168.1.1,192.168.1.3,53,63529,L,N,UDP,64,164,[SAFE]
13-02-2022 12:14:39,192.168.1.1,192.168.1.3,53,63529,L,N,UDP,64,91,[SAFE]
13-02-2022 12:14:39,192.168.1.3,103.41.21.162,51639,80,W,S,TCP,128,52,[PORT]
13-02-2022 12:14:42,103.41.21.162,192.168.1.3,80,51639,O,SA,TCP,57,52,[PORT]
13-02-2022 12:14:42,192.168.1.3,103.41.21.162,51639,80,W,A,TCP,128,40,[PORT]
13-02-2022 12:14:42,192.168.1.3,103.41.21.162,51639,80,W,PA,TCP,128,122,[PORT][FLAG]
13-02-2022 12:14:43,103.41.21.162,192.168.1.3,80,51639,O,A,TCP,57,40,[PORT]
13-02-2022 12:14:43,103.41.21.162,192.168.1.3,80,51639,O,PA,TCP,57,191,[PORT][FLAG]
13-02-2022 12:14:43,192.168.1.3,103.41.21.162,51639,80,W,FA,TCP,128,40,[PORT][FLAG]
13-02-2022 12:14:44,103.41.21.162,192.168.1.3,80,51639,O,FA,TCP,57,40,[PORT][FLAG]
13-02-2022 12:14:44,192.168.1.3,103.41.21.162,51639,80,W,A,TCP,128,40,[PORT]
13-02-2022 12:14:44,192.168.1.3,5.62.54.83,57078,80,W,A,TCP,128,41,[PORT]
13-02-2022 12:15:33,5.62.54.83,192.168.1.3,80,57078,O,A,TCP,48,40,[PORT]
13-02-2022 12:15:33,192.168.1.3,192.168.1.1,52956,53,W,N,UDP,128,76,[SAFE]
13-02-2022 12:15:34,192.168.1.1,192.168.1.3,53,52956,L,N,UDP,64,194,[SAFE]
13-02-2022 12:15:34,192.168.1.3,20.189.173.11,51640,443,W,S,TCP,128,52,[PORT]
13-02-2022 12:15:34,20.189.173.11,192.168.1.3,443,51640,O,SA,TCP,106,52,[PORT]
13-02-2022 12:15:34,192.168.1.3,20.189.173.11,51640,443,W,A,TCP,128,40,[PORT]
13-02-2022 12:15:34,192.168.1.3,20.189.173.11,51640,443,W,PA,TCP,128,237,[PORT][FLAG]
13-02-2022 12:15:35,20.189.173.11,192.168.1.3,443,51640,O,A,TCP,106,1500,[PORT]
13-02-2022 12:15:36,20.189.173.11,192.168.1.3,443,51640,O,A,TCP,106,1500,[PORT]
13-02-2022 12:15:37,20.189.173.11,192.168.1.3,443,51640,O,A,TCP,106,1500,[PORT]
13-02-2022 12:15:37,20.189.173.11,192.168.1.3,443,51640,O,A,TCP,106,1500,[PORT]
13-02-2022 12:15:37,20.189.173.11,192.168.1.3,443,51640,O,PA,TCP,106,372,[PORT][FLAG]
13-02-2022 12:15:38,192.168.1.3,20.189.173.11,51640,443,W,A,TCP,128,40,[PORT]
13-02-2022 12:15:38,192.168.1.3,20.189.173.11,51640,443,W,PA,TCP,128,198,[PORT][FLAG]
13-02-2022 12:15:38,20.189.173.11,192.168.1.3,443,51640,O,PA,TCP,106,91,[PORT][FLAG]
13-02-2022 12:15:39,192.168.1.3,20.189.173.11,51640,443,W,A,TCP,128,40,[PORT]
13-02-2022 12:15:39,192.168.1.3,20.189.173.11,51640,443,W,A,TCP,128,1480,[PORT]
13-02-2022 12:15:39,192.168.1.3,20.189.173.11,51640,443,W,PA,TCP,128,1426,[PORT][FLAG]
13-02-2022 12:15:39,20.189.173.11,192.168.1.3,443,51640,O,A,TCP,106,40,[PORT]
13-02-2022 12:15:40,20.189.173.11,192.168.1.3,443,51640,O,PA,TCP,106,493,[PORT][FLAG]
13-02-2022 12:15:40,192.168.1.3,20.189.173.11,51640,443,W,A,TCP,128,40,[PORT]
13-02-2022 12:15:41,192.168.1.3,20.189.173.11,51640,443,W,PA,TCP,128,1086,[PORT][FLAG]
13-02-2022 12:15:58,20.189.173.11,192.168.1.3,443,51640,O,PA,TCP,106,493,[PORT][FLAG]
13-02-2022 12:15:58,192.168.1.3,20.189.173.11,51640,443,W,A,TCP,128,40,[PORT]
13-02-2022 12:15:58,192.168.1.3,20.189.173.11,51640,443,W,RA,TCP,128,40,[PORT]
13-02-2022 12:17:15,192.168.1.3,5.62.54.83,57078,80,W,A,TCP,128,41,[PORT]
13-02-2022 12:17:15,5.62.54.83,192.168.1.3,80,57078,O,A,TCP,48,40,[PORT]
13-02-2022 12:17:17,77.234.45.70,192.168.1.3,80,57081,O,PA,TCP,47,194,[PORT][FLAG]
13-02-2022 12:17:18,77.234.45.70,192.168.1.3,80,57081,O,A,TCP,47,1500,[PORT]
13-02-2022 12:17:18,77.234.45.70,192.168.1.3,80,57081,O,A,TCP,47,1500,[PORT]
13-02-2022 12:17:18,192.168.1.3,77.234.45.70,57081,80,W,A,TCP,128,40,[PORT]
13-02-2022 12:17:19,77.234.45.70,192.168.1.3,80,57081,O,PA,TCP,47,198,[PORT][FLAG]
13-02-2022 12:59:24,192.168.1.3,10.79.44.112,56388,1688,W,S,TCP,128,52,[SAFE]
13-02-2022 12:59:25,192.168.1.3,117.18.237.29,56356,80,W,FA,TCP,128,40,[PORT][FLAG]
13-02-2022 12:59:26,117.18.237.29,192.168.1.3,80,56356,O,FA,TCP,54,40,[PORT][FLAG]
13-02-2022 12:59:27,192.168.1.3,117.18.237.29,56356,80,W,A,TCP,128,40,[PORT]
13-02-2022 12:59:27,192.168.1.3,10.79.44.112,56389,1688,W,S,TCP,128,52,[SAFE]
13-02-2022 12:59:34,192.168.1.3,192.168.1.1,64297,53,W,N,UDP,128,71,[SAFE]
13-02-2022 12:59:34,192.168.1.1,192.168.1.3,53,64297,L,N,UDP,64,294,[SAFE]
13-02-2022 12:59:35,192.168.1.3,192.168.1.1,57859,53,W,N,UDP,128,66,[SAFE]
13-02-2022 12:59:35,192.168.1.1,192.168.1.3,53,57859,L,N,UDP,64,124,[SAFE]
13-02-2022 12:59:35,192.168.1.3,5.62.40.217,56391,80,W,S,TCP,128,52,[PORT]
13-02-2022 12:59:35,5.62.40.217,192.168.1.3,80,56391,O,SA,TCP,46,48,[PORT]
13-02-2022 12:59:36,192.168.1.3,5.62.40.217,56391,80,W,A,TCP,128,40,[PORT]
13-02-2022 12:59:36,192.168.1.3,5.62.40.217,56391,80,W,PA,TCP,128,186,[PORT][FLAG]
13-02-2022 12:59:37,5.62.40.217,192.168.1.3,80,56391,O,A,TCP,46,40,[PORT]
13-02-2022 12:59:37,5.62.40.217,192.168.1.3,80,56391,O,PA,TCP,46,554,[PORT][FLAG]
13-02-2022 12:59:38,117.18.232.200,192.168.1.3,443,56377,O,A,TCP,54,40,[PORT]
13-02-2022 12:59:39,192.168.1.3,117.18.232.200,56377,443,W,A,TCP,128,40,[PORT]
13-02-2022 12:59:39,192.168.1.3,5.62.40.217,56391,80,W,A,TCP,128,40,[PORT]
13-02-2022 12:59:39,192.168.1.3,192.168.1.1,57860,53,W,N,UDP,128,66,[SAFE]
13-02-2022 12:59:39,192.168.1.1,192.168.1.3,53,57860,L,N,UDP,64,98,[SAFE]
13-02-2022 12:59:39,192.168.1.3,5.62.40.217,56392,443,W,S,TCP,128,52,[PORT]
13-02-2022 12:59:40,5.62.40.217,192.168.1.3,443,56392,O,SA,TCP,46,48,[PORT]
13-02-2022 12:59:40,192.168.1.3,5.62.40.217,56392,443,W,A,TCP,128,40,[PORT]
13-02-2022 12:59:40,192.168.1.3,5.62.40.217,56392,443,W,PA,TCP,128,249,[PORT][FLAG]
13-02-2022 12:59:41,5.62.40.217,192.168.1.3,443,56392,O,A,TCP,46,40,[PORT]
13-02-2022 12:59:41,5.62.40.217,192.168.1.3,443,56392,O,A,TCP,46,1500,[PORT]
13-02-2022 12:59:42,5.62.40.217,192.168.1.3,443,56392,O,A,TCP,46,1500,[PORT]
13-02-2022 12:59:42,5.62.40.217,192.168.1.3,443,56392,O,PA,TCP,46,160,[PORT][FLAG]
13-02-2022 12:59:42,192.168.1.3,5.62.40.217,56392,443,W,A,TCP,128,40,[PORT]
13-02-2022 12:59:43,192.168.1.3,5.62.40.217,56392,443,W,PA,TCP,128,166,[PORT][FLAG]
13-02-2022 12:59:43,5.62.40.217,192.168.1.3,443,56392,O,PA,TCP,46,298,[PORT][FLAG]
13-02-2022 12:59:43,192.168.1.3,5.62.40.217,56392,443,W,PA,TCP,128,135,[PORT][FLAG]
13-02-2022 12:59:44,5.62.40.217,192.168.1.3,443,56392,O,PA,TCP,46,583,[PORT][FLAG]
13-02-2022 12:59:44,192.168.1.3,5.62.40.217,56392,443,W,PA,TCP,128,71,[PORT][FLAG]
13-02-2022 12:59:44,192.168.1.3,5.62.40.217,56392,443,W,FA,TCP,128,40,[PORT][FLAG]
13-02-2022 12:59:44,5.62.40.217,192.168.1.3,443,56392,O,FA,TCP,46,40,[PORT][FLAG]
13-02-2022 12:59:45,192.168.1.3,5.62.40.217,56392,443,W,A,TCP,128,40,[PORT]
13-02-2022 12:59:45,5.62.40.217,192.168.1.3,443,56392,O,A,TCP,46,40,[PORT]
13-02-2022 12:59:45,192.168.1.3,23.49.51.29,56378,443,W,RA,TCP,128,40,[PORT]
13-02-2022 12:59:48,192.168.1.3,23.10.224.88,56379,80,W,FA,TCP,128,40,[PORT][FLAG]
13-02-2022 12:59:48,192.168.1.3,8.241.159.126,56380,80,W,FA,TCP,128,40,[PORT][FLAG]
13-02-2022 12:59:48,192.168.1.3,8.241.159.126,56381,80,W,FA,TCP,128,40,[PORT][FLAG]
13-02-2022 12:59:49,23.10.224.88,192.168.1.3,80,56379,O,FA,TCP,54,40,[PORT][FLAG]
13-02-2022 12:59:49,192.168.1.3,23.10.224.88,56379,80,W,A,TCP,128,40,[PORT]
13-02-2022 12:59:49,8.241.159.126,192.168.1.3,80,56380,O,FA,TCP,54,40,[PORT][FLAG]
13-02-2022 12:59:51,192.168.1.3,8.241.159.126,56380,80,W,A,TCP,128,40,[PORT]
13-02-2022 12:59:51,8.241.159.126,192.168.1.3,80,56381,O,FA,TCP,54,40,[PORT][FLAG]
13-02-2022 12:59:51,192.168.1.3,8.241.159.126,56381,80,W,A,TCP,128,40,[PORT]
13-02-2022 12:59:52,13.107.246.254,192.168.1.3,443,56360,O,RA,TCP,110,40,[PORT]
13-02-2022 12:59:52,20.188.40.49,192.168.1.3,443,56364,O,RA,TCP,108,40,[PORT]
13-02-2022 12:59:53,192.168.1.3,20.44.229.112,56371,443,W,FA,TCP,128,40,[PORT][FLAG]
13-02-2022 12:59:53,20.44.229.112,192.168.1.3,443,56371,O,FA,TCP,112,40,[PORT][FLAG]
13-02-2022 12:59:54,192.168.1.3,20.44.229.112,56371,443,W,A,TCP,128,40,[PORT]
13-02-2022 12:59:54,13.107.246.68,192.168.1.3,443,56363,O,RA,TCP,112,40,[PORT]
13-02-2022 13:59:55,13.107.246.68,192.168.1.3,443,56365,O,RA,TCP,110,40,[PORT]
13-02-2022 13:59:55,131.253.33.254,192.168.1.3,443,56358,O,RA,TCP,115,40,[PORT]
13-02-2022 13:59:57,13.107.6.254,192.168.1.3,443,56362,O,RA,TCP,113,40,[PORT]
13-02-2022 13:59:57,20.36.72.49,192.168.1.3,443,56366,O,RA,TCP,106,40,[PORT]
13-02-2022 13:00:06,52.98.88.242,192.168.1.3,443,56367,O,RA,TCP,237,40,[PORT]
13-02-2022 13:00:06,192.168.1.3,192.168.1.1,57861,53,W,N,UDP,128,61,[SAFE]
13-02-2022 13:00:06,192.168.1.3,192.168.1.1,57861,53,W,N,UDP,128,61,[SAFE]
13-02-2022 13:00:06,192.168.1.1,192.168.1.3,53,57861,L,N,UDP,64,147,[SAFE]
13-02-2022 13:00:06,192.168.1.1,192.168.1.3,53,57861,L,N,UDP,64,242,[SAFE]
13-02-2022 13:00:06,192.168.1.3,5.45.62.118,56393,80,W,S,TCP,128,52,[PORT]
13-02-2022 13:00:06,5.45.62.118,192.168.1.3,80,56393,O,SA,TCP,46,52,[PORT]
13-02-2022 13:00:07,192.168.1.3,5.45.62.118,56393,80,W,A,TCP,128,40,[PORT]
13-02-2022 13:00:07,192.168.1.3,5.45.62.118,56393,80,W,PA,TCP,128,334,[PORT][FLAG]
13-02-2022 13:00:07,5.45.62.118,192.168.1.3,80,56393,O,A,TCP,46,40,[PORT]
13-02-2022 13:00:08,5.45.62.118,192.168.1.3,80,56393,O,PA,TCP,46,194,[PORT][FLAG]
13-02-2022 13:00:08,5.45.62.118,192.168.1.3,80,56393,O,A,TCP,46,1500,[PORT]
13-02-2022 13:00:08,5.45.62.118,192.168.1.3,80,56393,O,A,TCP,46,1500,[PORT]
13-02-2022 13:00:09,5.45.62.118,192.168.1.3,80,56393,O,A,TCP,46,1500,[PORT]
13-02-2022 13:00:09,5.45.62.118,192.168.1.3,80,56393,O,A,TCP,46,1500,[PORT]
13-02-2022 13:00:10,5.45.62.118,192.168.1.3,80,56393,O,A,TCP,46,1500,[PORT]
13-02-2022 13:00:10,5.45.62.118,192.168.1.3,80,56393,O,A,TCP,46,1500,[PORT]
13-02-2022 13:00:11,5.45.62.118,192.168.1.3,80,56393,O,A,TCP,46,1500,[PORT]
13-02-2022 13:00:11,5.45.62.118,192.168.1.3,80,56393,O,A,TCP,46,1500,[PORT]
13-02-2022 13:00:12,192.168.1.3,5.45.62.118,56393,80,W,A,TCP,128,40,[PORT]
13-02-2022 13:00:12,5.45.62.118,192.168.1.3,80,56393,O,PA,TCP,46,408,[PORT][FLAG]
13-02-2022 13:00:13,192.168.1.3,5.45.62.118,56393,80,W,A,TCP,128,40,[PORT]
13-02-2022 13:00:13,192.168.1.3,5.45.62.118,56393,80,W,PA,TCP,128,334,[PORT][FLAG]
13-02-2022 13:00:13,5.45.62.118,192.168.1.3,80,56393,O,A,TCP,46,40,[PORT]
13-02-2022 13:00:13,52.152.90.172,192.168.1.3,443,56369,O,RA,TCP,105,40,[PORT]
13-02-2022 13:00:35,192.168.1.3,5.62.40.217,56391,80,W,FA,TCP,128,40,[PORT][FLAG]
13-02-2022 13:00:36,5.62.40.217,192.168.1.3,80,56391,O,FA,TCP,46,40,[PORT][FLAG]
13-02-2022 13:00:36,192.168.1.3,5.62.40.217,56391,80,W,A,TCP,128,40,[PORT]
13-02-2022 13:00:36,13.107.18.254,192.168.1.3,443,56376,O,RA,TCP,112,40,[PORT]
13-02-2022 13:00:37,117.18.232.200,192.168.1.3,443,56377,O,A,TCP,54,40,[PORT]
13-02-2022 13:00:38,192.168.1.3,117.18.232.200,56377,443,W,A,TCP,128,40,[PORT]
13-02-2022 13:00:38,204.79.197.222,192.168.1.3,443,56374,O,RA,TCP,117,40,[PORT]
13-02-2022 13:00:40,204.79.197.200,192.168.1.3,443,56357,O,RA,TCP,118,40,[PORT]
13-02-2022 13:00:41,204.79.197.254,192.168.1.3,443,56359,O,RA,TCP,118,40,[PORT]
13-02-2022 13:01:09,192.168.1.3,5.62.54.83,56375,443,W,A,TCP,128,41,[PORT]
13-02-2022 13:01:10,5.62.54.83,192.168.1.3,443,56375,O,A,TCP,48,40,[PORT]
13-02-2022 13:01:20,192.168.1.3,117.18.232.200,56361,443,W,FA,TCP,128,40,[PORT][FLAG]
13-02-2022 13:01:21,192.168.1.3,117.18.232.200,56361,443,W,RA,TCP,128,40,[PORT]
13-02-2022 13:01:24,192.168.1.3,192.168.1.1,51803,53,W,N,UDP,128,76,[SAFE]
13-02-2022 13:01:25,192.168.1.1,192.168.1.3,53,51803,L,N,UDP,64,197,[SAFE]
13-02-2022 13:01:25,192.168.1.3,20.44.10.122,56394,443,W,S,TCP,128,52,[PORT]
13-02-2022 13:01:27,20.44.10.122,192.168.1.3,443,56394,O,SA,TCP,104,52,[PORT]
13-02-2022 13:01:28,192.168.1.3,20.44.10.122,56394,443,W,A,TCP,128,40,[PORT]
13-02-2022 13:01:28,192.168.1.3,20.44.10.122,56394,443,W,PA,TCP,128,237,[PORT][FLAG]
13-02-2022 13:01:28,20.44.10.122,192.168.1.3,443,56394,O,A,TCP,104,1500,[PORT]
13-02-2022 13:01:29,20.44.10.122,192.168.1.3,443,56394,O,A,TCP,104,1500,[PORT]
13-02-2022 13:01:29,20.44.10.122,192.168.1.3,443,56394,O,A,TCP,104,1500,[PORT]
13-02-2022 13:01:30,20.44.10.122,192.168.1.3,443,56394,O,A,TCP,104,1500,[PORT]
13-02-2022 13:01:30,20.44.10.122,192.168.1.3,443,56394,O,PA,TCP,104,411,[PORT][FLAG]
13-02-2022 13:01:31,192.168.1.3,20.44.10.122,56394,443,W,A,TCP,128,40,[PORT]
13-02-2022 13:01:31,192.168.1.3,20.44.10.122,56394,443,W,PA,TCP,128,198,[PORT][FLAG]
13-02-2022 13:01:31,20.44.10.122,192.168.1.3,443,56394,O,PA,TCP,104,91,[PORT][FLAG]
13-02-2022 13:01:32,192.168.1.3,20.44.10.122,56394,443,W,A,TCP,128,40,[PORT]
13-02-2022 13:01:32,192.168.1.3,20.44.10.122,56394,443,W,A,TCP,128,1480,[PORT]
13-02-2022 13:01:32,192.168.1.3,20.44.10.122,56394,443,W,A,TCP,128,1480,[PORT]
13-02-2022 13:01:33,192.168.1.3,20.44.10.122,56394,443,W,PA,TCP,128,52,[PORT][FLAG]
13-02-2022 13:01:33,20.44.10.122,192.168.1.3,443,56394,O,A,TCP,104,40,[PORT]
13-02-2022 13:01:33,20.44.10.122,192.168.1.3,443,56394,O,PA,TCP,104,449,[PORT][FLAG]
13-02-2022 13:01:34,192.168.1.3,20.44.10.122,56394,443,W,A,TCP,128,40,[PORT]
13-02-2022 13:01:34,192.168.1.3,20.44.10.122,56394,443,W,PA,TCP,128,1139,[PORT][FLAG]
13-02-2022 13:01:44,20.44.10.122,192.168.1.3,443,56394,O,PA,TCP,104,493,[PORT][FLAG]
13-02-2022 13:01:45,192.168.1.3,20.44.10.122,56394,443,W,A,TCP,128,40,[PORT]
13-02-2022 13:01:45,192.168.1.3,20.44.10.122,56394,443,W,RA,TCP,128,40,[PORT]
13-02-2022 13:01:45,117.18.232.200,192.168.1.3,443,56377,O,FA,TCP,54,40,[PORT][FLAG]
13-02-2022 13:01:45,192.168.1.3,117.18.232.200,56377,443,W,A,TCP,128,40,[PORT]
13-02-2022 13:01:46,117.18.232.200,192.168.1.3,443,56377,O,PA,TCP,54,104,[PORT][FLAG]
13-02-2022 13:01:46,117.18.232.200,192.168.1.3,443,56377,O,PA,TCP,54,71,[PORT][FLAG]
13-02-2022 13:01:46,192.168.1.3,117.18.232.200,56377,443,W,A,TCP,128,40,[PORT]
13-02-2022 13:01:47,192.168.1.3,117.18.232.200,56377,443,W,A,TCP,128,40,[PORT]
13-02-2022 13:02:03,5.45.62.118,192.168.1.3,80,56393,O,PA,TCP,46,194,[PORT][FLAG]
13-02-2022 13:02:03,192.168.1.3,5.45.62.118,56393,80,W,A,TCP,128,40,[PORT]
13-02-2022 13:02:03,5.45.62.118,192.168.1.3,80,56393,O,PA,TCP,46,803,[PORT][FLAG]
13-02-2022 13:02:04,192.168.1.3,5.45.62.118,56393,80,W,PA,TCP,128,334,[PORT][FLAG]
13-02-2022 13:02:04,5.45.62.118,192.168.1.3,80,56393,O,A,TCP,46,40,[PORT]
13-02-2022 13:03:48,192.168.1.3,5.62.54.83,56375,443,W,A,TCP,128,41,[PORT]
13-02-2022 13:03:48,5.62.54.83,192.168.1.3,443,56375,O,A,TCP,48,40,[PORT]
13-02-2022 13:05:05,5.45.62.118,192.168.1.3,80,56393,O,PA,TCP,46,194,[PORT][FLAG]
13-02-2022 13:05:05,192.168.1.3,5.45.62.118,56393,80,W,A,TCP,128,40,[PORT]
13-02-2022 13:05:05,5.45.62.118,192.168.1.3,80,56393,O,PA,TCP,46,897,[PORT][FLAG]
13-02-2022 13:05:06,192.168.1.3,5.45.62.118,56393,80,W,PA,TCP,128,334,[PORT][FLAG]
13-02-2022 13:05:06,5.45.62.118,192.168.1.3,80,56393,O,A,TCP,46,40,[PORT]
13-02-2022 13:06:10,0.0.0.0,255.255.255.255,68,67,L,N,UDP,64,314,[SAFE]
13-02-2022 13:06:12,0.0.0.0,255.255.255.255,68,67,L,N,UDP,64,326,[SAFE]
13-02-2022 13:06:26,192.168.1.3,5.62.54.83,56375,443,W,A,TCP,128,41,[PORT]
13-02-2022 13:06:27,5.62.54.83,192.168.1.3,443,56375,O,A,TCP,48,40,[PORT]
13-02-2022 13:07:21,192.168.1.3,192.168.1.1,64164,53,W,N,UDP,128,59,[SAFE]
13-02-2022 13:07:21,192.168.1.1,192.168.1.3,53,64164,L,N,UDP,64,164,[SAFE]
13-02-2022 13:07:21,192.168.1.3,103.41.21.162,56395,80,W,S,TCP,128,52,[PORT]
13-02-2022 13:07:21,103.41.21.162,192.168.1.3,80,56395,O,SA,TCP,57,52,[PORT]
13-02-2022 13:07:26,192.168.1.3,103.41.21.162,56395,80,W,A,TCP,128,40,[PORT]
13-02-2022 13:07:26,192.168.1.3,103.41.21.162,56395,80,W,PA,TCP,128,122,[PORT][FLAG]
13-02-2022 13:07:27,103.41.21.162,192.168.1.3,80,56395,O,A,TCP,57,40,[PORT]
13-02-2022 13:07:27,103.41.21.162,192.168.1.3,80,56395,O,PA,TCP,57,191,[PORT][FLAG]
13-02-2022 13:07:27,192.168.1.3,103.41.21.162,56395,80,W,FA,TCP,128,40,[PORT][FLAG]
13-02-2022 13:07:27,103.41.21.162,192.168.1.3,80,56395,O,FA,TCP,57,40,[PORT][FLAG]
13-02-2022 13:07:28,192.168.1.3,103.41.21.162,56395,80,W,A,TCP,128,40,[PORT]
13-02-2022 13:08:01,5.45.62.118,192.168.1.3,80,56393,O,PA,TCP,46,194,[PORT][FLAG]
13-02-2022 13:08:02,192.168.1.3,5.45.62.118,56393,80,W,A,TCP,128,40,[PORT]
13-02-2022 13:08:02,5.45.62.118,192.168.1.3,80,56393,O,PA,TCP,46,1264,[PORT][FLAG]
13-02-2022 13:08:04,192.168.1.3,5.45.62.118,56393,80,W,PA,TCP,128,334,[PORT][FLAG]
13-02-2022 13:08:05,5.45.62.118,192.168.1.3,80,56393,O,A,TCP,46,40,[PORT]
13-02-2022 13:08:05,192.168.1.3,192.168.1.1,53473,53,W,N,UDP,128,76,[SAFE]
13-02-2022 13:08:05,192.168.1.1,192.168.1.3,53,53473,L,N,UDP,64,198,[SAFE]
13-02-2022 13:08:05,192.168.1.3,20.50.201.195,56396,443,W,S,TCP,128,52,[PORT]
13-02-2022 13:08:05,20.50.201.195,192.168.1.3,443,56396,O,SA,TCP,103,52,[PORT]
13-02-2022 13:08:06,192.168.1.3,20.50.201.195,56396,443,W,A,TCP,128,40,[PORT]
13-02-2022 13:08:06,192.168.1.3,20.50.201.195,56396,443,W,PA,TCP,128,237,[PORT][FLAG]
13-02-2022 13:08:06,20.50.201.195,192.168.1.3,443,56396,O,A,TCP,103,1500,[PORT]
13-02-2022 13:08:06,192.168.1.3,20.50.201.195,56396,443,W,A,TCP,128,40,[PORT]
13-02-2022 13:08:07,20.50.201.195,192.168.1.3,443,56396,O,A,TCP,103,1500,[PORT]
13-02-2022 13:08:07,20.50.201.195,192.168.1.3,443,56396,O,A,TCP,103,1500,[PORT]
13-02-2022 13:08:08,20.50.201.195,192.168.1.3,443,56396,O,A,TCP,103,1500,[PORT]
13-02-2022 13:08:08,20.50.201.195,192.168.1.3,443,56396,O,PA,TCP,103,409,[PORT][FLAG]
13-02-2022 13:08:09,192.168.1.3,20.50.201.195,56396,443,W,A,TCP,128,40,[PORT]
13-02-2022 13:08:09,192.168.1.3,20.50.201.195,56396,443,W,PA,TCP,128,198,[PORT][FLAG]
13-02-2022 13:08:09,20.50.201.195,192.168.1.3,443,56396,O,PA,TCP,103,91,[PORT][FLAG]
13-02-2022 13:08:09,192.168.1.3,20.50.201.195,56396,443,W,A,TCP,128,40,[PORT]
13-02-2022 13:08:10,192.168.1.3,20.50.201.195,56396,443,W,A,TCP,128,1480,[PORT]
13-02-2022 13:08:10,192.168.1.3,20.50.201.195,56396,443,W,PA,TCP,128,1423,[PORT][FLAG]
13-02-2022 13:08:10,20.50.201.195,192.168.1.3,443,56396,O,A,TCP,103,40,[PORT]
13-02-2022 13:08:11,20.50.201.195,192.168.1.3,443,56396,O,PA,TCP,103,493,[PORT][FLAG]
13-02-2022 13:08:11,192.168.1.3,20.50.201.195,56396,443,W,A,TCP,128,40,[PORT]
13-02-2022 13:08:11,192.168.1.3,20.50.201.195,56396,443,W,PA,TCP,128,1085,[PORT][FLAG]
13-02-2022 13:08:12,20.50.201.195,192.168.1.3,443,56396,O,PA,TCP,103,524,[PORT][FLAG]
13-02-2022 13:08:12,192.168.1.3,20.50.201.195,56396,443,W,A,TCP,128,40,[PORT]
13-02-2022 13:09:05,192.168.1.3,20.50.201.195,56396,443,W,RA,TCP,128,40,[PORT]
13-02-2022 13:09:05,192.168.1.3,5.62.54.83,56375,443,W,A,TCP,128,41,[PORT]
13-02-2022 13:10:51,5.62.54.83,192.168.1.3,443,56375,O,A,TCP,48,40,[PORT]
13-02-2022 13:11:03,5.45.62.118,192.168.1.3,80,56393,O,PA,TCP,46,194,[PORT][FLAG]
13-02-2022 13:11:03,192.168.1.3,5.45.62.118,56393,80,W,A,TCP,128,40,[PORT]
13-02-2022 13:11:03,5.45.62.118,192.168.1.3,80,56393,O,PA,TCP,46,733,[PORT][FLAG]
13-02-2022 13:11:04,192.168.1.3,5.45.62.118,56393,80,W,PA,TCP,128,334,[PORT][FLAG]
13-02-2022 13:11:04,5.45.62.118,192.168.1.3,80,56393,O,A,TCP,46,40,[PORT]
13-02-2022 13:11:43,192.168.1.3,5.62.54.83,56375,443,W,A,TCP,128,41,[PORT]
13-02-2022 13:11:43,5.62.54.83,192.168.1.3,443,56375,O,A,TCP,48,40,[PORT]
13-02-2022 13:11:58,192.168.1.3,192.168.1.1,57272,53,W,N,UDP,128,58,[SAFE]
13-02-2022 13:11:58,192.168.1.1,192.168.1.3,53,57272,L,N,UDP,64,206,[SAFE]
13-02-2022 13:11:58,192.168.1.3,204.79.197.200,56397,443,W,S,TCP,128,52,[PORT]
13-02-2022 13:11:59,204.79.197.200,192.168.1.3,443,56397,O,SA,TCP,116,52,[PORT]
13-02-2022 13:12:03,192.168.1.3,204.79.197.200,56397,443,W,A,TCP,128,40,[PORT]
13-02-2022 13:12:04,192.168.1.3,204.79.197.200,56397,443,W,PA,TCP,128,237,[PORT][FLAG]
13-02-2022 13:12:04,204.79.197.200,192.168.1.3,443,56397,O,A,TCP,117,40,[PORT]
13-02-2022 13:12:04,204.79.197.200,192.168.1.3,443,56397,O,A,TCP,117,1500,[PORT]
13-02-2022 13:12:05,204.79.197.200,192.168.1.3,443,56397,O,A,TCP,117,1500,[PORT]
13-02-2022 13:12:05,204.79.197.200,192.168.1.3,443,56397,O,A,TCP,117,1500,[PORT]
13-02-2022 13:12:05,204.79.197.200,192.168.1.3,443,56397,O,A,TCP,117,1500,[PORT]
13-02-2022 13:12:06,192.168.1.3,204.79.197.200,56397,443,W,A,TCP,128,40,[PORT]
13-02-2022 13:12:06,204.79.197.200,192.168.1.3,443,56397,O,PA,TCP,117,1235,[PORT][FLAG]
13-02-2022 13:12:07,192.168.1.3,204.79.197.200,56397,443,W,A,TCP,128,40,[PORT]
13-02-2022 13:12:07,192.168.1.3,204.79.197.200,56397,443,W,PA,TCP,128,198,[PORT][FLAG]
13-02-2022 13:12:07,192.168.1.3,204.79.197.200,56397,443,W,PA,TCP,128,127,[PORT][FLAG]
13-02-2022 13:12:08,192.168.1.3,204.79.197.200,56397,443,W,A,TCP,128,1480,[PORT]
13-02-2022 13:12:08,192.168.1.3,204.79.197.200,56397,443,W,PA,TCP,128,843,[PORT][FLAG]
13-02-2022 13:12:08,204.79.197.200,192.168.1.3,443,56397,O,A,TCP,117,40,[PORT]
13-02-2022 13:12:09,204.79.197.200,192.168.1.3,443,56397,O,A,TCP,117,40,[PORT]
13-02-2022 13:12:09,204.79.197.200,192.168.1.3,443,56397,O,PA,TCP,117,366,[PORT][FLAG]
13-02-2022 13:12:10,204.79.197.200,192.168.1.3,443,56397,O,PA,TCP,117,109,[PORT][FLAG]
13-02-2022 13:12:10,192.168.1.3,204.79.197.200,56397,443,W,A,TCP,128,40,[PORT]
13-02-2022 13:12:10,192.168.1.3,204.79.197.200,56397,443,W,PA,TCP,128,78,[PORT][FLAG]
13-02-2022 13:12:11,204.79.197.200,192.168.1.3,443,56397,O,A,TCP,116,52,[PORT]
13-02-2022 13:12:11,204.79.197.200,192.168.1.3,443,56397,O,PA,TCP,117,78,[PORT][FLAG]
13-02-2022 13:12:11,204.79.197.200,192.168.1.3,443,56397,O,A,TCP,117,40,[PORT]
13-02-2022 13:12:12,192.168.1.3,204.79.197.200,56397,443,W,A,TCP,128,40,[PORT]
13-02-2022 13:12:12,204.79.197.200,192.168.1.3,443,56397,O,A,TCP,117,40,[PORT]
13-02-2022 13:12:12,204.79.197.200,192.168.1.3,443,56397,O,PA,TCP,117,1347,[PORT][FLAG]
13-02-2022 13:12:13,204.79.197.200,192.168.1.3,443,56397,O,PA,TCP,117,78,[PORT][FLAG]
13-02-2022 13:12:13,192.168.1.3,204.79.197.200,56397,443,W,A,TCP,128,40,[PORT]
13-02-2022 13:12:22,192.168.1.3,192.168.1.1,51932,53,W,N,UDP,128,75,[SAFE]
13-02-2022 13:12:22,192.168.1.1,192.168.1.3,53,51932,L,N,UDP,64,206,[SAFE]
13-02-2022 13:12:22,192.168.1.3,13.69.116.104,56398,443,W,S,TCP,128,52,[PORT]
13-02-2022 13:12:22,13.69.116.104,192.168.1.3,443,56398,O,SA,TCP,104,52,[PORT]
13-02-2022 13:12:23,192.168.1.3,13.69.116.104,56398,443,W,A,TCP,128,40,[PORT]
13-02-2022 13:12:23,192.168.1.3,13.69.116.104,56398,443,W,PA,TCP,128,254,[PORT][FLAG]
13-02-2022 13:12:23,13.69.116.104,192.168.1.3,443,56398,O,A,TCP,104,1500,[PORT]
13-02-2022 13:12:23,13.69.116.104,192.168.1.3,443,56398,O,A,TCP,104,1500,[PORT]
13-02-2022 13:12:24,13.69.116.104,192.168.1.3,443,56398,O,A,TCP,104,1500,[PORT]
13-02-2022 13:12:24,13.69.116.104,192.168.1.3,443,56398,O,PA,TCP,104,62,[PORT][FLAG]
13-02-2022 13:12:25,192.168.1.3,13.69.116.104,56398,443,W,A,TCP,128,40,[PORT]
13-02-2022 13:12:25,192.168.1.3,13.69.116.104,56398,443,W,PA,TCP,128,198,[PORT][FLAG]
13-02-2022 13:12:25,13.69.116.104,192.168.1.3,443,56398,O,PA,TCP,104,91,[PORT][FLAG]
13-02-2022 13:12:26,192.168.1.3,13.69.116.104,56398,443,W,A,TCP,128,1480,[PORT]
13-02-2022 13:12:26,192.168.1.3,13.69.116.104,56398,443,W,PA,TCP,128,57,[PORT][FLAG]
13-02-2022 13:12:26,192.168.1.3,13.69.116.104,56398,443,W,A,TCP,128,1480,[PORT]
13-02-2022 13:12:27,192.168.1.3,13.69.116.104,56398,443,W,PA,TCP,128,49,[PORT][FLAG]
13-02-2022 13:12:27,13.69.116.104,192.168.1.3,443,56398,O,A,TCP,104,40,[PORT]
13-02-2022 13:12:31,13.69.116.104,192.168.1.3,443,56398,O,A,TCP,104,40,[PORT]
13-02-2022 13:12:31,13.69.116.104,192.168.1.3,443,56398,O,PA,TCP,104,449,[PORT][FLAG]
13-02-2022 13:12:31,192.168.1.3,13.69.116.104,56398,443,W,A,TCP,128,40,[PORT]
13-02-2022 13:12:32,192.168.1.3,13.69.116.104,56398,443,W,A,TCP,128,1480,[PORT]
13-02-2022 13:12:32,192.168.1.3,13.69.116.104,56398,443,W,PA,TCP,128,57,[PORT][FLAG]
13-02-2022 13:12:32,192.168.1.3,13.69.116.104,56398,443,W,A,TCP,128,1480,[PORT]
13-02-2022 13:12:33,192.168.1.3,13.69.116.104,56398,443,W,A,TCP,128,1480,[PORT]
13-02-2022 13:12:33,192.168.1.3,13.69.116.104,56398,443,W,A,TCP,128,1480,[PORT]
13-02-2022 13:12:33,192.168.1.3,13.69.116.104,56398,443,W,PA,TCP,128,491,[PORT][FLAG]
13-02-2022 13:12:34,13.69.116.104,192.168.1.3,443,56398,O,A,TCP,104,40,[PORT]
13-02-2022 13:12:34,13.69.116.104,192.168.1.3,443,56398,O,A,TCP,104,40,[PORT]
13-02-2022 13:12:34,13.69.116.104,192.168.1.3,443,56398,O,PA,TCP,104,451,[PORT][FLAG]
13-02-2022 13:12:35,192.168.1.3,13.69.116.104,56398,443,W,FA,TCP,128,40,[PORT][FLAG]
13-02-2022 13:12:35,13.69.116.104,192.168.1.3,443,56398,O,FA,TCP,104,40,[PORT][FLAG]
13-02-2022 13:12:35,192.168.1.3,13.69.116.104,56398,443,W,A,TCP,128,40,[PORT]
13-02-2022 13:12:35,192.168.1.3,192.168.1.1,52445,53,W,N,UDP,128,60,[SAFE]
13-02-2022 13:12:57,192.168.1.1,192.168.1.3,53,52445,L,N,UDP,64,340,[SAFE]
13-02-2022 13:12:58,192.168.1.3,20.190.146.39,56399,443,W,S,TCP,128,52,[PORT]
13-02-2022 13:12:58,20.190.146.39,192.168.1.3,443,56399,O,SA,TCP,109,52,[PORT]
13-02-2022 13:12:58,192.168.1.3,20.190.146.39,56399,443,W,A,TCP,128,40,[PORT]
13-02-2022 13:12:58,192.168.1.3,20.190.146.39,56399,443,W,PA,TCP,128,239,[PORT][FLAG]
13-02-2022 13:12:59,20.190.146.39,192.168.1.3,443,56399,O,A,TCP,109,1500,[PORT]
13-02-2022 13:12:59,20.190.146.39,192.168.1.3,443,56399,O,A,TCP,109,1500,[PORT]
13-02-2022 13:12:59,20.190.146.39,192.168.1.3,443,56399,O,A,TCP,109,1500,[PORT]
13-02-2022 13:13:00,20.190.146.39,192.168.1.3,443,56399,O,A,TCP,109,1500,[PORT]
13-02-2022 13:13:00,20.190.146.39,192.168.1.3,443,56399,O,PA,TCP,109,643,[PORT][FLAG]
13-02-2022 13:13:00,192.168.1.3,20.190.146.39,56399,443,W,A,TCP,128,40,[PORT]
13-02-2022 13:13:01,192.168.1.3,20.190.146.39,56399,443,W,PA,TCP,128,198,[PORT][FLAG]
13-02-2022 13:13:01,20.190.146.39,192.168.1.3,443,56399,O,PA,TCP,109,91,[PORT][FLAG]
13-02-2022 13:13:01,192.168.1.3,20.190.146.39,56399,443,W,A,TCP,128,1480,[PORT]
13-02-2022 13:13:02,192.168.1.3,20.190.146.39,56399,443,W,A,TCP,128,1480,[PORT]
13-02-2022 13:13:02,192.168.1.3,20.190.146.39,56399,443,W,A,TCP,128,1480,[PORT]
13-02-2022 13:13:02,192.168.1.3,20.190.146.39,56399,443,W,A,TCP,128,1480,[PORT]
13-02-2022 13:13:03,192.168.1.3,20.190.146.39,56399,443,W,PA,TCP,128,1233,[PORT][FLAG]
13-02-2022 13:13:03,20.190.146.39,192.168.1.3,443,56399,O,A,TCP,109,40,[PORT]
13-02-2022 13:13:04,20.190.146.39,192.168.1.3,443,56399,O,A,TCP,109,40,[PORT]
13-02-2022 13:13:04,20.190.146.39,192.168.1.3,443,56399,O,A,TCP,109,1500,[PORT]
13-02-2022 13:13:05,20.190.146.39,192.168.1.3,443,56399,O,A,TCP,109,1500,[PORT]
13-02-2022 13:13:05,20.190.146.39,192.168.1.3,443,56399,O,A,TCP,109,1500,[PORT]
13-02-2022 13:13:05,20.190.146.39,192.168.1.3,443,56399,O,A,TCP,109,1500,[PORT]
13-02-2022 13:13:06,20.190.146.39,192.168.1.3,443,56399,O,A,TCP,109,1500,[PORT]
13-02-2022 13:13:06,20.190.146.39,192.168.1.3,443,56399,O,A,TCP,109,1500,[PORT]
13-02-2022 13:13:07,20.190.146.39,192.168.1.3,443,56399,O,FPA,TCP,109,986,[PORT][FLAG]
13-02-2022 13:13:07,20.190.146.39,192.168.1.3,443,56399,O,A,TCP,109,1500,[PORT]
13-02-2022 13:13:08,20.190.146.39,192.168.1.3,443,56399,O,A,TCP,109,1500,[PORT]
13-02-2022 13:13:08,20.190.146.39,192.168.1.3,443,56399,O,A,TCP,109,1500,[PORT]
13-02-2022 13:13:09,20.190.146.39,192.168.1.3,443,56399,O,A,TCP,109,1500,[PORT]
13-02-2022 13:13:09,20.190.146.39,192.168.1.3,443,56399,O,A,TCP,109,1500,[PORT]
13-02-2022 13:13:10,192.168.1.3,20.190.146.39,56399,443,W,A,TCP,128,40,[PORT]
13-02-2022 13:13:10,192.168.1.3,20.190.146.39,56399,443,W,A,TCP,128,40,[PORT]
13-02-2022 13:13:10,192.168.1.3,20.190.146.39,56399,443,W,A,TCP,128,40,[PORT]
13-02-2022 13:13:11,192.168.1.3,20.190.146.39,56399,443,W,PA,TCP,128,71,[PORT][FLAG]
13-02-2022 13:13:11,192.168.1.3,20.190.146.39,56399,443,W,FA,TCP,128,40,[PORT][FLAG]
13-02-2022 13:13:12,20.190.146.39,192.168.1.3,443,56399,O,A,TCP,109,40,[PORT]
13-02-2022 13:13:12,192.168.1.3,192.168.1.1,55176,53,W,N,UDP,128,66,[SAFE]
13-02-2022 13:13:12,192.168.1.1,192.168.1.3,53,55176,L,N,UDP,64,125,[SAFE]
13-02-2022 13:13:12,192.168.1.3,52.152.90.172,56400,443,W,S,TCP,128,52,[PORT]
13-02-2022 13:13:12,52.152.90.172,192.168.1.3,443,56400,O,SA,TCP,105,52,[PORT]
13-02-2022 13:13:13,192.168.1.3,52.152.90.172,56400,443,W,A,TCP,128,40,[PORT]
13-02-2022 13:13:13,192.168.1.3,52.152.90.172,56400,443,W,PA,TCP,128,227,[PORT][FLAG]
13-02-2022 13:13:13,52.152.90.172,192.168.1.3,443,56400,O,A,TCP,105,1500,[PORT]
13-02-2022 13:13:14,52.152.90.172,192.168.1.3,443,56400,O,A,TCP,105,1500,[PORT]
13-02-2022 13:13:14,52.152.90.172,192.168.1.3,443,56400,O,A,TCP,105,1500,[PORT]
13-02-2022 13:13:15,192.168.1.3,52.152.90.172,56400,443,W,A,TCP,128,40,[PORT]
13-02-2022 13:13:15,52.152.90.172,192.168.1.3,443,56400,O,A,TCP,105,1500,[PORT]
13-02-2022 13:13:15,52.152.90.172,192.168.1.3,443,56400,O,PA,TCP,105,329,[PORT][FLAG]
13-02-2022 13:13:16,192.168.1.3,52.152.90.172,56400,443,W,A,TCP,128,40,[PORT]
13-02-2022 13:13:16,192.168.1.3,52.152.90.172,56400,443,W,PA,TCP,128,198,[PORT][FLAG]
13-02-2022 13:13:16,52.152.90.172,192.168.1.3,443,56400,O,PA,TCP,105,91,[PORT][FLAG]
13-02-2022 13:13:16,192.168.1.3,52.152.90.172,56400,443,W,A,TCP,128,1480,[PORT]
13-02-2022 13:13:17,192.168.1.3,52.152.90.172,56400,443,W,PA,TCP,128,127,[PORT][FLAG]
13-02-2022 13:13:17,52.152.90.172,192.168.1.3,443,56400,O,A,TCP,105,52,[PORT]
13-02-2022 13:13:17,52.152.90.172,192.168.1.3,443,56400,O,A,TCP,105,40,[PORT]
13-02-2022 13:13:18,52.152.90.172,192.168.1.3,443,56400,O,PA,TCP,105,238,[PORT][FLAG]
13-02-2022 13:13:18,192.168.1.3,52.152.90.172,56400,443,W,FA,TCP,128,40,[PORT][FLAG]
13-02-2022 13:13:18,52.152.90.172,192.168.1.3,443,56400,O,FA,TCP,105,40,[PORT][FLAG]
13-02-2022 13:13:19,192.168.1.3,52.152.90.172,56400,443,W,A,TCP,128,40,[PORT]
13-02-2022 13:14:09,192.168.1.3,204.79.197.200,56397,443,W,RA,TCP,128,40,[PORT]
13-02-2022 13:14:09,5.45.62.118,192.168.1.3,80,56393,O,PA,TCP,46,194,[PORT][FLAG]
13-02-2022 13:14:10,192.168.1.3,5.45.62.118,56393,80,W,A,TCP,128,40,[PORT]
13-02-2022 13:14:10,5.45.62.118,192.168.1.3,80,56393,O,PA,TCP,46,1159,[PORT][FLAG]
13-02-2022 13:14:10,192.168.1.3,5.45.62.118,56393,80,W,PA,TCP,128,334,[PORT][FLAG]
13-02-2022 13:14:10,5.45.62.118,192.168.1.3,80,56393,O,A,TCP,46,40,[PORT]
13-02-2022 13:14:22,192.168.1.3,5.62.54.83,56375,443,W,A,TCP,128,41,[PORT]
13-02-2022 13:14:22,5.62.54.83,192.168.1.3,443,56375,O,A,TCP,48,40,[PORT]
13-02-2022 13:16:22,192.168.1.3,20.198.162.78,54343,443,W,PA,TCP,128,139,[PORT][FLAG]
13-02-2022 13:16:22,20.198.162.78,192.168.1.3,443,54343,O,PA,TCP,112,209,[PORT][FLAG]
13-02-2022 13:16:26,192.168.1.3,20.198.162.78,54343,443,W,A,TCP,128,40,[PORT]
13-02-2022 13:17:00,192.168.1.3,5.62.54.83,56375,443,W,A,TCP,128,41,[PORT]
13-02-2022 13:17:00,5.62.54.83,192.168.1.3,443,56375,O,A,TCP,48,40,[PORT]
13-02-2022 13:17:03,5.45.62.118,192.168.1.3,80,56393,O,PA,TCP,46,194,[PORT][FLAG]
13-02-2022 13:17:03,192.168.1.3,5.45.62.118,56393,80,W,A,TCP,128,40,[PORT]
13-02-2022 13:17:03,5.45.62.118,192.168.1.3,80,56393,O,PA,TCP,46,732,[PORT][FLAG]
13-02-2022 13:17:04,192.168.1.3,5.45.62.118,56393,80,W,PA,TCP,128,334,[PORT][FLAG]
13-02-2022 13:17:04,5.45.62.118,192.168.1.3,80,56393,O,A,TCP,46,40,[PORT]
13-02-2022 13:17:21,192.168.1.3,192.168.1.1,51508,53,W,N,UDP,128,59,[SAFE]
13-02-2022 13:17:21,192.168.1.1,192.168.1.3,53,51508,L,N,UDP,64,164,[SAFE]
13-02-2022 13:17:26,192.168.1.3,103.41.21.169,56401,80,W,S,TCP,128,52,[PORT]
13-02-2022 13:17:27,103.41.21.169,192.168.1.3,80,56401,O,SA,TCP,57,52,[PORT]
13-02-2022 13:17:27,192.168.1.3,103.41.21.169,56401,80,W,A,TCP,128,40,[PORT]
13-02-2022 13:17:27,192.168.1.3,103.41.21.169,56401,80,W,PA,TCP,128,122,[PORT][FLAG]
13-02-2022 13:17:27,103.41.21.169,192.168.1.3,80,56401,O,A,TCP,57,40,[PORT]
13-02-2022 13:17:28,103.41.21.169,192.168.1.3,80,56401,O,PA,TCP,57,191,[PORT][FLAG]
13-02-2022 13:17:28,192.168.1.3,103.41.21.169,56401,80,W,FA,TCP,128,40,[PORT][FLAG]
13-02-2022 13:17:28,103.41.21.169,192.168.1.3,80,56401,O,FA,TCP,57,40,[PORT][FLAG]
13-02-2022 13:17:28,192.168.1.3,103.41.21.169,56401,80,W,A,TCP,128,40,[PORT]
13-02-2022 13:18:04,192.168.1.3,192.168.1.1,65317,53,W,N,UDP,128,76,[SAFE]
13-02-2022 13:18:05,192.168.1.1,192.168.1.3,53,65317,L,N,UDP,64,195,[SAFE]
13-02-2022 13:18:05,192.168.1.3,51.105.71.136,56402,443,W,S,TCP,128,52,[PORT]
13-02-2022 13:18:05,51.105.71.136,192.168.1.3,443,56402,O,SA,TCP,106,52,[PORT]
13-02-2022 13:18:05,192.168.1.3,51.105.71.136,56402,443,W,A,TCP,128,40,[PORT]
13-02-2022 13:18:06,192.168.1.3,51.105.71.136,56402,443,W,PA,TCP,128,237,[PORT][FLAG]
13-02-2022 13:18:06,51.105.71.136,192.168.1.3,443,56402,O,A,TCP,106,1500,[PORT]
13-02-2022 13:18:07,51.105.71.136,192.168.1.3,443,56402,O,A,TCP,106,1500,[PORT]
13-02-2022 13:18:08,51.105.71.136,192.168.1.3,443,56402,O,A,TCP,106,1500,[PORT]
13-02-2022 13:18:08,51.105.71.136,192.168.1.3,443,56402,O,A,TCP,106,1500,[PORT]
13-02-2022 13:18:09,51.105.71.136,192.168.1.3,443,56402,O,PA,TCP,106,530,[PORT][FLAG]
13-02-2022 13:18:09,192.168.1.3,51.105.71.136,56402,443,W,A,TCP,128,40,[PORT]
13-02-2022 13:18:10,192.168.1.3,51.105.71.136,56402,443,W,PA,TCP,128,198,[PORT][FLAG]
13-02-2022 13:18:10,51.105.71.136,192.168.1.3,443,56402,O,PA,TCP,106,91,[PORT][FLAG]
13-02-2022 13:18:10,192.168.1.3,51.105.71.136,56402,443,W,A,TCP,128,40,[PORT]
13-02-2022 13:18:11,192.168.1.3,51.105.71.136,56402,443,W,A,TCP,128,1480,[PORT]
13-02-2022 13:18:11,192.168.1.3,51.105.71.136,56402,443,W,PA,TCP,128,1408,[PORT][FLAG]
13-02-2022 13:18:12,51.105.71.136,192.168.1.3,443,56402,O,PA,TCP,106,94,[PORT][FLAG]
13-02-2022 13:18:12,192.168.1.3,51.105.71.136,56402,443,W,A,TCP,128,40,[PORT]
13-02-2022 13:18:13,51.105.71.136,192.168.1.3,443,56402,O,PA,TCP,106,493,[PORT][FLAG]
13-02-2022 13:18:13,192.168.1.3,51.105.71.136,56402,443,W,A,TCP,128,40,[PORT]
13-02-2022 13:18:14,192.168.1.3,51.105.71.136,56402,443,W,PA,TCP,128,1140,[PORT][FLAG]
13-02-2022 13:19:39,51.105.71.136,192.168.1.3,443,56402,O,PA,TCP,106,493,[PORT][FLAG]
13-02-2022 13:19:39,192.168.1.3,51.105.71.136,56402,443,W,A,TCP,128,40,[PORT]
13-02-2022 13:19:39,192.168.1.3,51.105.71.136,56402,443,W,RA,TCP,128,40,[PORT]
13-02-2022 13:19:40,192.168.1.3,5.62.54.83,56375,443,W,A,TCP,128,41,[PORT]
13-02-2022 13:20:02,5.62.54.83,192.168.1.3,443,56375,O,A,TCP,48,40,[PORT]
13-02-2022 13:20:02,5.45.62.118,192.168.1.3,80,56393,O,PA,TCP,46,194,[PORT][FLAG]
13-02-2022 13:20:09,192.168.1.3,5.45.62.118,56393,80,W,A,TCP,128,40,[PORT]
13-02-2022 13:20:10,5.45.62.118,192.168.1.3,80,56393,O,PA,TCP,46,886,[PORT][FLAG]
13-02-2022 13:20:10,192.168.1.3,5.45.62.118,56393,80,W,PA,TCP,128,334,[PORT][FLAG]
13-02-2022 13:20:10,5.45.62.118,192.168.1.3,80,56393,O,A,TCP,46,40,[PORT]
13-02-2022 13:22:17,192.168.1.3,5.62.54.83,56375,443,W,A,TCP,128,41,[PORT]
13-02-2022 13:22:18,5.62.54.83,192.168.1.3,443,56375,O,A,TCP,48,40,[PORT]
13-02-2022 13:23:01,5.45.62.118,192.168.1.3,80,56393,O,PA,TCP,46,194,[PORT][FLAG]
13-02-2022 13:23:02,192.168.1.3,5.45.62.118,56393,80,W,A,TCP,128,40,[PORT]
13-02-2022 13:24:50,5.45.62.118,192.168.1.3,80,56393,O,PA,TCP,46,709,[PORT][FLAG]
13-02-2022 13:24:51,192.168.1.3,5.45.62.118,56393,80,W,PA,TCP,128,334,[PORT][FLAG]
13-02-2022 13:24:51,5.45.62.118,192.168.1.3,80,56393,O,A,TCP,46,40,[PORT]
13-02-2022 13:24:56,192.168.1.3,5.62.54.83,56375,443,W,A,TCP,128,41,[PORT]
13-02-2022 13:24:56,5.62.54.83,192.168.1.3,443,56375,O,A,TCP,48,40,[PORT]
13-02-2022 13:26:05,5.45.62.118,192.168.1.3,80,56393,O,PA,TCP,46,194,[PORT][FLAG]
13-02-2022 13:26:05,192.168.1.3,5.45.62.118,56393,80,W,A,TCP,128,40,[PORT]
13-02-2022 13:26:06,5.45.62.118,192.168.1.3,80,56393,O,PA,TCP,46,1042,[PORT][FLAG]
13-02-2022 13:26:06,192.168.1.3,5.45.62.118,56393,80,W,PA,TCP,128,334,[PORT][FLAG]
13-02-2022 13:26:06,5.45.62.118,192.168.1.3,80,56393,O,A,TCP,46,40,[PORT]
